--
-- PostgreSQL database dump
--

-- Dumped from database version 10.14
-- Dumped by pg_dump version 12.3

-- Started on 2021-03-22 09:40:38

SET statement_timeout = 0;
SET lock_timeout = 0;
SET idle_in_transaction_session_timeout = 0;
SET client_encoding = 'UTF8';
SET standard_conforming_strings = on;
SELECT pg_catalog.set_config('search_path', '', false);
SET check_function_bodies = false;
SET xmloption = content;
SET client_min_messages = warning;
SET row_security = off;

--
-- TOC entry 8 (class 2615 OID 16385)
-- Name: timesheet; Type: SCHEMA; Schema: -; Owner: postgres
--

CREATE SCHEMA IF NOT EXISTS timesheet;


ALTER SCHEMA timesheet OWNER TO postgres;

--
-- TOC entry 197 (class 1259 OID 16386)
-- Name: app_configuration_id_seq; Type: SEQUENCE; Schema: timesheet; Owner: postgres
--

CREATE SEQUENCE timesheet.app_configuration_id_seq
    START WITH 1
    INCREMENT BY 1
    NO MINVALUE
    NO MAXVALUE
    CACHE 1;


ALTER TABLE timesheet.app_configuration_id_seq OWNER TO postgres;

SET default_tablespace = '';

--
-- TOC entry 198 (class 1259 OID 16388)
-- Name: app_configuration; Type: TABLE; Schema: timesheet; Owner: postgres
--

CREATE TABLE timesheet.app_configuration (
    id bigint DEFAULT nextval('timesheet.app_configuration_id_seq'::regclass) NOT NULL,
    type character varying(255) NOT NULL,
    value character varying(255) NOT NULL,
    versiono bigint DEFAULT 0 NOT NULL
);


ALTER TABLE timesheet.app_configuration OWNER TO postgres;

--
-- TOC entry 199 (class 1259 OID 16395)
-- Name: customer; Type: TABLE; Schema: timesheet; Owner: postgres
--

CREATE TABLE timesheet.customer (
    customerid bigint NOT NULL,
    name character varying(255) NOT NULL,
    description character varying(255),
    isactive boolean NOT NULL,
    versiono bigint DEFAULT 0 NOT NULL
);


ALTER TABLE timesheet.customer OWNER TO postgres;

--
-- TOC entry 200 (class 1259 OID 16401)
-- Name: customer_customerid_seq; Type: SEQUENCE; Schema: timesheet; Owner: postgres
--

CREATE SEQUENCE timesheet.customer_customerid_seq
    START WITH 1
    INCREMENT BY 1
    NO MINVALUE
    NO MAXVALUE
    CACHE 1;


ALTER TABLE timesheet.customer_customerid_seq OWNER TO postgres;

--
-- TOC entry 3427 (class 0 OID 0)
-- Dependencies: 200
-- Name: customer_customerid_seq; Type: SEQUENCE OWNED BY; Schema: timesheet; Owner: postgres
--

ALTER SEQUENCE timesheet.customer_customerid_seq OWNED BY timesheet.customer.customerid;


--
-- TOC entry 243 (class 1259 OID 16891)
-- Name: dashboard; Type: TABLE; Schema: timesheet; Owner: postgres
--

CREATE TABLE timesheet.dashboard (
    id bigint NOT NULL,
    versiono bigint NOT NULL,
    is_published boolean NOT NULL,
    owner_id bigint
);


ALTER TABLE timesheet.dashboard OWNER TO postgres;

--
-- TOC entry 242 (class 1259 OID 16889)
-- Name: dashboard_id_seq; Type: SEQUENCE; Schema: timesheet; Owner: postgres
--

ALTER TABLE timesheet.dashboard ALTER COLUMN id ADD GENERATED BY DEFAULT AS IDENTITY (
    SEQUENCE NAME timesheet.dashboard_id_seq
    START WITH 1
    INCREMENT BY 1
    NO MINVALUE
    NO MAXVALUE
    CACHE 1
);


--
-- TOC entry 246 (class 1259 OID 16913)
-- Name: dashboardversion; Type: TABLE; Schema: timesheet; Owner: postgres
--

CREATE TABLE timesheet.dashboardversion (
    dashboard_id bigint NOT NULL,
    dashboard_version character varying(20) NOT NULL,
    user_id bigint NOT NULL,
    versiono bigint NOT NULL,
    description character varying(255),
    is_refreshed boolean,
    title character varying(255) NOT NULL
);


ALTER TABLE timesheet.dashboardversion OWNER TO postgres;

--
-- TOC entry 248 (class 1259 OID 16949)
-- Name: dashboardversionreport; Type: TABLE; Schema: timesheet; Owner: postgres
--

CREATE TABLE timesheet.dashboardversionreport (
    dashboard_id bigint NOT NULL,
    dashboard_version character varying(255) NOT NULL,
    report_id bigint NOT NULL,
    user_id bigint NOT NULL,
    versiono bigint NOT NULL,
    order_id bigint NOT NULL,
    report_width character varying(255) NOT NULL
);


ALTER TABLE timesheet.dashboardversionreport OWNER TO postgres;

--
-- TOC entry 217 (class 1259 OID 16531)
-- Name: databasechangelog; Type: TABLE; Schema: timesheet; Owner: postgres
--

CREATE TABLE timesheet.databasechangelog (
    id character varying(255) NOT NULL,
    author character varying(255) NOT NULL,
    filename character varying(255) NOT NULL,
    dateexecuted timestamp without time zone NOT NULL,
    orderexecuted integer NOT NULL,
    exectype character varying(10) NOT NULL,
    md5sum character varying(35),
    description character varying(255),
    comments character varying(255),
    tag character varying(255),
    liquibase character varying(20),
    contexts character varying(255),
    labels character varying(255),
    deployment_id character varying(10)
);


ALTER TABLE timesheet.databasechangelog OWNER TO postgres;

--
-- TOC entry 216 (class 1259 OID 16526)
-- Name: databasechangeloglock; Type: TABLE; Schema: timesheet; Owner: postgres
--

CREATE TABLE timesheet.databasechangeloglock (
    id integer NOT NULL,
    locked boolean NOT NULL,
    lockgranted timestamp without time zone,
    lockedby character varying(255)
);


ALTER TABLE timesheet.databasechangeloglock OWNER TO postgres;

--
-- TOC entry 255 (class 1259 OID 16995)
-- Name: email_attachments; Type: TABLE; Schema: timesheet; Owner: postgres
--

CREATE TABLE timesheet.email_attachments (
    id bigint NOT NULL,
    email_id bigint NOT NULL,
    file_id bigint NOT NULL,
    type character varying(256) NOT NULL,
    versiono bigint
);


ALTER TABLE timesheet.email_attachments OWNER TO postgres;

--
-- TOC entry 254 (class 1259 OID 16993)
-- Name: email_attachments_id_seq; Type: SEQUENCE; Schema: timesheet; Owner: postgres
--

ALTER TABLE timesheet.email_attachments ALTER COLUMN id ADD GENERATED BY DEFAULT AS IDENTITY (
    SEQUENCE NAME timesheet.email_attachments_id_seq
    START WITH 1
    INCREMENT BY 1
    NO MINVALUE
    NO MAXVALUE
    CACHE 1
);


--
-- TOC entry 253 (class 1259 OID 16985)
-- Name: email_history; Type: TABLE; Schema: timesheet; Owner: postgres
--

CREATE TABLE timesheet.email_history (
    id bigint NOT NULL,
    bcc character varying(256),
    body text,
    cc character varying(256),
    subject character varying(255),
    to_ character varying(256) NOT NULL,
    is_html boolean,
    reply_to character varying(256),
    sent_date timestamp without time zone,
    versiono bigint
);


ALTER TABLE timesheet.email_history OWNER TO postgres;

--
-- TOC entry 252 (class 1259 OID 16983)
-- Name: email_history_id_seq; Type: SEQUENCE; Schema: timesheet; Owner: postgres
--

ALTER TABLE timesheet.email_history ALTER COLUMN id ADD GENERATED BY DEFAULT AS IDENTITY (
    SEQUENCE NAME timesheet.email_history_id_seq
    START WITH 1
    INCREMENT BY 1
    NO MINVALUE
    NO MAXVALUE
    CACHE 1
);


--
-- TOC entry 250 (class 1259 OID 16969)
-- Name: file; Type: TABLE; Schema: timesheet; Owner: postgres
--

CREATE TABLE timesheet.file (
    id bigint NOT NULL,
    ancestor_id bigint,
    ancestral_root_id bigint,
    content_length bigint,
    content_id character varying(255),
    created timestamp without time zone,
    label character varying(255),
    lock_owner character varying(255),
    mime_type character varying(255),
    name character varying(255),
    successor_id bigint,
    summary character varying(255),
    versionp character varying(255),
    versiono bigint
);


ALTER TABLE timesheet.file OWNER TO postgres;

--
-- TOC entry 249 (class 1259 OID 16967)
-- Name: file_id_seq; Type: SEQUENCE; Schema: timesheet; Owner: postgres
--

ALTER TABLE timesheet.file ALTER COLUMN id ADD GENERATED BY DEFAULT AS IDENTITY (
    SEQUENCE NAME timesheet.file_id_seq
    START WITH 1
    INCREMENT BY 1
    NO MINVALUE
    NO MAXVALUE
    CACHE 1
);


--
-- TOC entry 235 (class 1259 OID 16818)
-- Name: job_history; Type: TABLE; Schema: timesheet; Owner: postgres
--

CREATE TABLE timesheet.job_history (
    id bigint NOT NULL,
    duration character varying(256) NOT NULL,
    finished_time timestamp without time zone,
    fired_time timestamp without time zone NOT NULL,
    job_class character varying(256) NOT NULL,
    job_description character varying(1024),
    job_group character varying(256) NOT NULL,
    job_map_data character varying(256),
    job_name character varying(256) NOT NULL,
    job_status character varying(256) NOT NULL,
    trigger_group character varying(256) NOT NULL,
    trigger_name character varying(256) NOT NULL
);


ALTER TABLE timesheet.job_history OWNER TO postgres;

--
-- TOC entry 234 (class 1259 OID 16816)
-- Name: job_history_id_seq; Type: SEQUENCE; Schema: timesheet; Owner: postgres
--

ALTER TABLE timesheet.job_history ALTER COLUMN id ADD GENERATED BY DEFAULT AS IDENTITY (
    SEQUENCE NAME timesheet.job_history_id_seq
    START WITH 1
    INCREMENT BY 1
    NO MINVALUE
    NO MAXVALUE
    CACHE 1
);


--
-- TOC entry 256 (class 1259 OID 17011)
-- Name: jv_commit; Type: TABLE; Schema: timesheet; Owner: postgres
--

CREATE TABLE timesheet.jv_commit (
    commit_pk bigint NOT NULL,
    author character varying(200),
    commit_date timestamp without time zone,
    commit_date_instant character varying(30),
    commit_id numeric(22,2)
);


ALTER TABLE timesheet.jv_commit OWNER TO postgres;

--
-- TOC entry 257 (class 1259 OID 17017)
-- Name: jv_commit_pk_seq; Type: SEQUENCE; Schema: timesheet; Owner: postgres
--

CREATE SEQUENCE timesheet.jv_commit_pk_seq
    START WITH 1
    INCREMENT BY 1
    NO MINVALUE
    NO MAXVALUE
    CACHE 1;


ALTER TABLE timesheet.jv_commit_pk_seq OWNER TO postgres;

--
-- TOC entry 258 (class 1259 OID 17019)
-- Name: jv_commit_property; Type: TABLE; Schema: timesheet; Owner: postgres
--

CREATE TABLE timesheet.jv_commit_property (
    property_name character varying(191) NOT NULL,
    property_value character varying(600),
    commit_fk bigint NOT NULL
);


ALTER TABLE timesheet.jv_commit_property OWNER TO postgres;

--
-- TOC entry 259 (class 1259 OID 17034)
-- Name: jv_global_id; Type: TABLE; Schema: timesheet; Owner: postgres
--

CREATE TABLE timesheet.jv_global_id (
    global_id_pk bigint NOT NULL,
    local_id character varying(191),
    fragment character varying(200),
    type_name character varying(200),
    owner_id_fk bigint
);


ALTER TABLE timesheet.jv_global_id OWNER TO postgres;

--
-- TOC entry 260 (class 1259 OID 17049)
-- Name: jv_global_id_pk_seq; Type: SEQUENCE; Schema: timesheet; Owner: postgres
--

CREATE SEQUENCE timesheet.jv_global_id_pk_seq
    START WITH 1
    INCREMENT BY 1
    NO MINVALUE
    NO MAXVALUE
    CACHE 1;


ALTER TABLE timesheet.jv_global_id_pk_seq OWNER TO postgres;

--
-- TOC entry 261 (class 1259 OID 17051)
-- Name: jv_snapshot; Type: TABLE; Schema: timesheet; Owner: postgres
--

CREATE TABLE timesheet.jv_snapshot (
    snapshot_pk bigint NOT NULL,
    type character varying(200),
    version bigint,
    state text,
    changed_properties text,
    managed_type character varying(200),
    global_id_fk bigint,
    commit_fk bigint
);


ALTER TABLE timesheet.jv_snapshot OWNER TO postgres;

--
-- TOC entry 262 (class 1259 OID 17071)
-- Name: jv_snapshot_pk_seq; Type: SEQUENCE; Schema: timesheet; Owner: postgres
--

CREATE SEQUENCE timesheet.jv_snapshot_pk_seq
    START WITH 1
    INCREMENT BY 1
    NO MINVALUE
    NO MAXVALUE
    CACHE 1;


ALTER TABLE timesheet.jv_snapshot_pk_seq OWNER TO postgres;

--
-- TOC entry 228 (class 1259 OID 16628)
-- Name: jwt_entity; Type: TABLE; Schema: timesheet; Owner: postgres
--

CREATE TABLE timesheet.jwt_entity (
    id bigint NOT NULL,
    authorization_token text NOT NULL,
    authentication_token text NOT NULL,
    user_name character varying(32) NOT NULL,
    versiono bigint DEFAULT 0 NOT NULL
);


ALTER TABLE timesheet.jwt_entity OWNER TO postgres;

--
-- TOC entry 227 (class 1259 OID 16626)
-- Name: jwt_entity_id_seq; Type: SEQUENCE; Schema: timesheet; Owner: postgres
--

ALTER TABLE timesheet.jwt_entity ALTER COLUMN id ADD GENERATED BY DEFAULT AS IDENTITY (
    SEQUENCE NAME timesheet.jwt_entity_id_seq
    START WITH 1
    INCREMENT BY 1
    NO MINVALUE
    NO MAXVALUE
    CACHE 1
);


--
-- TOC entry 251 (class 1259 OID 16977)
-- Name: locks; Type: TABLE; Schema: timesheet; Owner: postgres
--

CREATE TABLE timesheet.locks (
    entity_id character varying(64) NOT NULL,
    lock_owner character varying(64)
);


ALTER TABLE timesheet.locks OWNER TO postgres;

--
-- TOC entry 219 (class 1259 OID 16539)
-- Name: permission; Type: TABLE; Schema: timesheet; Owner: postgres
--

CREATE TABLE timesheet.permission (
    id bigint NOT NULL,
    display_name character varying(128) NOT NULL,
    name character varying(128) NOT NULL,
    versiono bigint DEFAULT 0 NOT NULL
);


ALTER TABLE timesheet.permission OWNER TO postgres;

--
-- TOC entry 218 (class 1259 OID 16537)
-- Name: permission_id_seq; Type: SEQUENCE; Schema: timesheet; Owner: postgres
--

ALTER TABLE timesheet.permission ALTER COLUMN id ADD GENERATED BY DEFAULT AS IDENTITY (
    SEQUENCE NAME timesheet.permission_id_seq
    START WITH 1
    INCREMENT BY 1
    NO MINVALUE
    NO MAXVALUE
    CACHE 1
);


--
-- TOC entry 201 (class 1259 OID 16403)
-- Name: project; Type: TABLE; Schema: timesheet; Owner: postgres
--

CREATE TABLE timesheet.project (
    id bigint NOT NULL,
    customerid bigint NOT NULL,
    name character varying(255) NOT NULL,
    description character varying(255),
    startdate date NOT NULL,
    enddate date NOT NULL,
    versiono bigint DEFAULT 0 NOT NULL
);


ALTER TABLE timesheet.project OWNER TO postgres;

--
-- TOC entry 202 (class 1259 OID 16409)
-- Name: project_id_seq; Type: SEQUENCE; Schema: timesheet; Owner: postgres
--

CREATE SEQUENCE timesheet.project_id_seq
    START WITH 1
    INCREMENT BY 1
    NO MINVALUE
    NO MAXVALUE
    CACHE 1;


ALTER TABLE timesheet.project_id_seq OWNER TO postgres;

--
-- TOC entry 3428 (class 0 OID 0)
-- Dependencies: 202
-- Name: project_id_seq; Type: SEQUENCE OWNED BY; Schema: timesheet; Owner: postgres
--

ALTER SEQUENCE timesheet.project_id_seq OWNED BY timesheet.project.id;


--
-- TOC entry 236 (class 1259 OID 16826)
-- Name: qrtz_blob_triggers; Type: TABLE; Schema: timesheet; Owner: postgres
--

CREATE TABLE timesheet.qrtz_blob_triggers (
    sched_name character varying(120) NOT NULL,
    trigger_name character varying(200) NOT NULL,
    trigger_group character varying(200) NOT NULL,
    blob_data bytea
);


ALTER TABLE timesheet.qrtz_blob_triggers OWNER TO postgres;

--
-- TOC entry 233 (class 1259 OID 16808)
-- Name: qrtz_calendars; Type: TABLE; Schema: timesheet; Owner: postgres
--

CREATE TABLE timesheet.qrtz_calendars (
    sched_name character varying(120) NOT NULL,
    calendar_name character varying(200) NOT NULL,
    calendar bytea NOT NULL
);


ALTER TABLE timesheet.qrtz_calendars OWNER TO postgres;

--
-- TOC entry 232 (class 1259 OID 16795)
-- Name: qrtz_cron_triggers; Type: TABLE; Schema: timesheet; Owner: postgres
--

CREATE TABLE timesheet.qrtz_cron_triggers (
    sched_name character varying(120) NOT NULL,
    trigger_name character varying(200) NOT NULL,
    trigger_group character varying(200) NOT NULL,
    cron_expression character varying(120) NOT NULL,
    time_zone_id character varying(80)
);


ALTER TABLE timesheet.qrtz_cron_triggers OWNER TO postgres;

--
-- TOC entry 239 (class 1259 OID 16865)
-- Name: qrtz_fired_triggers; Type: TABLE; Schema: timesheet; Owner: postgres
--

CREATE TABLE timesheet.qrtz_fired_triggers (
    sched_name character varying(120) NOT NULL,
    entry_id character varying(95) NOT NULL,
    trigger_name character varying(200) NOT NULL,
    trigger_group character varying(200) NOT NULL,
    instance_name character varying(200) NOT NULL,
    fired_time bigint NOT NULL,
    sched_time bigint NOT NULL,
    priority integer NOT NULL,
    state character varying(16) NOT NULL,
    job_name character varying(200),
    job_group character varying(200),
    is_nonconcurrent boolean,
    requests_recovery boolean
);


ALTER TABLE timesheet.qrtz_fired_triggers OWNER TO postgres;

--
-- TOC entry 230 (class 1259 OID 16760)
-- Name: qrtz_job_details; Type: TABLE; Schema: timesheet; Owner: postgres
--

CREATE TABLE timesheet.qrtz_job_details (
    sched_name character varying(120) NOT NULL,
    job_name character varying(200) NOT NULL,
    job_group character varying(200) NOT NULL,
    description character varying(250),
    job_class_name character varying(250) NOT NULL,
    is_durable boolean NOT NULL,
    is_nonconcurrent boolean NOT NULL,
    is_update_data boolean NOT NULL,
    requests_recovery boolean NOT NULL,
    job_data bytea
);


ALTER TABLE timesheet.qrtz_job_details OWNER TO postgres;

--
-- TOC entry 241 (class 1259 OID 16884)
-- Name: qrtz_locks; Type: TABLE; Schema: timesheet; Owner: postgres
--

CREATE TABLE timesheet.qrtz_locks (
    sched_name character varying(120) NOT NULL,
    lock_name character varying(40) NOT NULL
);


ALTER TABLE timesheet.qrtz_locks OWNER TO postgres;

--
-- TOC entry 229 (class 1259 OID 16755)
-- Name: qrtz_paused_trigger_grps; Type: TABLE; Schema: timesheet; Owner: postgres
--

CREATE TABLE timesheet.qrtz_paused_trigger_grps (
    sched_name character varying(120) NOT NULL,
    trigger_group character varying(200) NOT NULL
);


ALTER TABLE timesheet.qrtz_paused_trigger_grps OWNER TO postgres;

--
-- TOC entry 240 (class 1259 OID 16879)
-- Name: qrtz_scheduler_state; Type: TABLE; Schema: timesheet; Owner: postgres
--

CREATE TABLE timesheet.qrtz_scheduler_state (
    sched_name character varying(120) NOT NULL,
    instance_name character varying(200) NOT NULL,
    last_checkin_time bigint NOT NULL,
    checkin_interval bigint NOT NULL
);


ALTER TABLE timesheet.qrtz_scheduler_state OWNER TO postgres;

--
-- TOC entry 238 (class 1259 OID 16847)
-- Name: qrtz_simple_triggers; Type: TABLE; Schema: timesheet; Owner: postgres
--

CREATE TABLE timesheet.qrtz_simple_triggers (
    sched_name character varying(120) NOT NULL,
    trigger_name character varying(200) NOT NULL,
    trigger_group character varying(200) NOT NULL,
    repeat_count bigint NOT NULL,
    repeat_interval bigint NOT NULL,
    times_triggered bigint NOT NULL
);


ALTER TABLE timesheet.qrtz_simple_triggers OWNER TO postgres;

--
-- TOC entry 237 (class 1259 OID 16839)
-- Name: qrtz_simprop_triggers; Type: TABLE; Schema: timesheet; Owner: postgres
--

CREATE TABLE timesheet.qrtz_simprop_triggers (
    sched_name character varying(120) NOT NULL,
    trigger_name character varying(200) NOT NULL,
    trigger_group character varying(200) NOT NULL,
    str_prop_1 character varying(512),
    str_prop_2 character varying(512),
    str_prop_3 character varying(512),
    int_prop_1 integer,
    int_prop_2 integer,
    long_prop_1 bigint,
    long_prop_2 bigint,
    dec_prop_1 numeric(13,4),
    dec_prop_2 numeric(13,4),
    bool_prop_1 boolean,
    bool_prop_2 boolean
);


ALTER TABLE timesheet.qrtz_simprop_triggers OWNER TO postgres;

--
-- TOC entry 231 (class 1259 OID 16770)
-- Name: qrtz_triggers; Type: TABLE; Schema: timesheet; Owner: postgres
--

CREATE TABLE timesheet.qrtz_triggers (
    sched_name character varying(120) NOT NULL,
    trigger_name character varying(200) NOT NULL,
    trigger_group character varying(200) NOT NULL,
    job_name character varying(200) NOT NULL,
    job_group character varying(200) NOT NULL,
    description character varying(250),
    next_fire_time bigint,
    prev_fire_time bigint,
    priority integer,
    trigger_state character varying(16) NOT NULL,
    trigger_type character varying(8) NOT NULL,
    start_time bigint NOT NULL,
    end_time bigint,
    calendar_name character varying(200),
    misfire_instr smallint,
    job_data bytea
);


ALTER TABLE timesheet.qrtz_triggers OWNER TO postgres;

--
-- TOC entry 245 (class 1259 OID 16903)
-- Name: report; Type: TABLE; Schema: timesheet; Owner: postgres
--

CREATE TABLE timesheet.report (
    id bigint NOT NULL,
    versiono bigint NOT NULL,
    is_published boolean NOT NULL,
    owner_id bigint
);


ALTER TABLE timesheet.report OWNER TO postgres;

--
-- TOC entry 244 (class 1259 OID 16901)
-- Name: report_id_seq; Type: SEQUENCE; Schema: timesheet; Owner: postgres
--

ALTER TABLE timesheet.report ALTER COLUMN id ADD GENERATED BY DEFAULT AS IDENTITY (
    SEQUENCE NAME timesheet.report_id_seq
    START WITH 1
    INCREMENT BY 1
    NO MINVALUE
    NO MAXVALUE
    CACHE 1
);


--
-- TOC entry 247 (class 1259 OID 16931)
-- Name: reportversion; Type: TABLE; Schema: timesheet; Owner: postgres
--

CREATE TABLE timesheet.reportversion (
    report_id bigint NOT NULL,
    report_version character varying(20) NOT NULL,
    user_id bigint NOT NULL,
    versiono bigint NOT NULL,
    ctype character varying(255),
    description character varying(255),
    is_refreshed boolean,
    query text,
    report_type character varying(255),
    title character varying(255) NOT NULL
);


ALTER TABLE timesheet.reportversion OWNER TO postgres;

--
-- TOC entry 221 (class 1259 OID 16548)
-- Name: role; Type: TABLE; Schema: timesheet; Owner: postgres
--

CREATE TABLE timesheet.role (
    id bigint NOT NULL,
    display_name character varying(128) NOT NULL,
    name character varying(128) NOT NULL,
    versiono bigint DEFAULT 0 NOT NULL
);


ALTER TABLE timesheet.role OWNER TO postgres;

--
-- TOC entry 220 (class 1259 OID 16546)
-- Name: role_id_seq; Type: SEQUENCE; Schema: timesheet; Owner: postgres
--

ALTER TABLE timesheet.role ALTER COLUMN id ADD GENERATED BY DEFAULT AS IDENTITY (
    SEQUENCE NAME timesheet.role_id_seq
    START WITH 1
    INCREMENT BY 1
    NO MINVALUE
    NO MAXVALUE
    CACHE 1
);


--
-- TOC entry 222 (class 1259 OID 16555)
-- Name: rolepermission; Type: TABLE; Schema: timesheet; Owner: postgres
--

CREATE TABLE timesheet.rolepermission (
    permission_id bigint NOT NULL,
    role_id bigint NOT NULL,
    versiono bigint DEFAULT 0 NOT NULL
);


ALTER TABLE timesheet.rolepermission OWNER TO postgres;

--
-- TOC entry 203 (class 1259 OID 16411)
-- Name: task; Type: TABLE; Schema: timesheet; Owner: postgres
--

CREATE TABLE timesheet.task (
    id bigint NOT NULL,
    projectid bigint,
    name character varying(255) NOT NULL,
    description character varying(255),
    isactive boolean NOT NULL,
    versiono bigint DEFAULT 0 NOT NULL
);


ALTER TABLE timesheet.task OWNER TO postgres;

--
-- TOC entry 204 (class 1259 OID 16417)
-- Name: task_id_seq; Type: SEQUENCE; Schema: timesheet; Owner: postgres
--

CREATE SEQUENCE timesheet.task_id_seq
    START WITH 1
    INCREMENT BY 1
    NO MINVALUE
    NO MAXVALUE
    CACHE 1;


ALTER TABLE timesheet.task_id_seq OWNER TO postgres;

--
-- TOC entry 3429 (class 0 OID 0)
-- Dependencies: 204
-- Name: task_id_seq; Type: SEQUENCE OWNED BY; Schema: timesheet; Owner: postgres
--

ALTER SEQUENCE timesheet.task_id_seq OWNED BY timesheet.task.id;


--
-- TOC entry 205 (class 1259 OID 16419)
-- Name: timeofftype; Type: TABLE; Schema: timesheet; Owner: postgres
--

CREATE TABLE timesheet.timeofftype (
    id bigint NOT NULL,
    typename character varying(255) NOT NULL,
    versiono bigint DEFAULT 0 NOT NULL
);


ALTER TABLE timesheet.timeofftype OWNER TO postgres;

--
-- TOC entry 206 (class 1259 OID 16422)
-- Name: timeofftype_id_seq; Type: SEQUENCE; Schema: timesheet; Owner: postgres
--

CREATE SEQUENCE timesheet.timeofftype_id_seq
    START WITH 1
    INCREMENT BY 1
    NO MINVALUE
    NO MAXVALUE
    CACHE 1;


ALTER TABLE timesheet.timeofftype_id_seq OWNER TO postgres;

--
-- TOC entry 3430 (class 0 OID 0)
-- Dependencies: 206
-- Name: timeofftype_id_seq; Type: SEQUENCE OWNED BY; Schema: timesheet; Owner: postgres
--

ALTER SEQUENCE timesheet.timeofftype_id_seq OWNED BY timesheet.timeofftype.id;


--
-- TOC entry 207 (class 1259 OID 16424)
-- Name: timesheet; Type: TABLE; Schema: timesheet; Owner: postgres
--

CREATE TABLE timesheet.timesheet (
    id bigint NOT NULL,
    userid bigint NOT NULL,
    timesheetstatusid bigint NOT NULL,
    periodendingdate date NOT NULL,
    notes character varying(255),
    periodstartingdate date NOT NULL,
    versiono bigint DEFAULT 0 NOT NULL
);


ALTER TABLE timesheet.timesheet OWNER TO postgres;

--
-- TOC entry 208 (class 1259 OID 16427)
-- Name: timesheet_id_seq; Type: SEQUENCE; Schema: timesheet; Owner: postgres
--

CREATE SEQUENCE timesheet.timesheet_id_seq
    START WITH 1
    INCREMENT BY 1
    NO MINVALUE
    NO MAXVALUE
    CACHE 1;


ALTER TABLE timesheet.timesheet_id_seq OWNER TO postgres;

--
-- TOC entry 3431 (class 0 OID 0)
-- Dependencies: 208
-- Name: timesheet_id_seq; Type: SEQUENCE OWNED BY; Schema: timesheet; Owner: postgres
--

ALTER SEQUENCE timesheet.timesheet_id_seq OWNED BY timesheet.timesheet.id;


--
-- TOC entry 209 (class 1259 OID 16429)
-- Name: timesheetdetails; Type: TABLE; Schema: timesheet; Owner: postgres
--

CREATE TABLE timesheet.timesheetdetails (
    id bigint NOT NULL,
    taskid bigint,
    timesheetid bigint NOT NULL,
    timeofftypeid bigint,
    workdate date NOT NULL,
    hours numeric,
    notes character varying(255),
    versiono bigint DEFAULT 0 NOT NULL
);


ALTER TABLE timesheet.timesheetdetails OWNER TO postgres;

--
-- TOC entry 210 (class 1259 OID 16435)
-- Name: timesheetdetails_id_seq; Type: SEQUENCE; Schema: timesheet; Owner: postgres
--

CREATE SEQUENCE timesheet.timesheetdetails_id_seq
    START WITH 1
    INCREMENT BY 1
    NO MINVALUE
    NO MAXVALUE
    CACHE 1;


ALTER TABLE timesheet.timesheetdetails_id_seq OWNER TO postgres;

--
-- TOC entry 3432 (class 0 OID 0)
-- Dependencies: 210
-- Name: timesheetdetails_id_seq; Type: SEQUENCE OWNED BY; Schema: timesheet; Owner: postgres
--

ALTER SEQUENCE timesheet.timesheetdetails_id_seq OWNED BY timesheet.timesheetdetails.id;


--
-- TOC entry 211 (class 1259 OID 16437)
-- Name: timesheetstatus; Type: TABLE; Schema: timesheet; Owner: postgres
--

CREATE TABLE timesheet.timesheetstatus (
    id bigint NOT NULL,
    statusname character varying(255) NOT NULL,
    versiono bigint DEFAULT 0 NOT NULL
);


ALTER TABLE timesheet.timesheetstatus OWNER TO postgres;

--
-- TOC entry 212 (class 1259 OID 16440)
-- Name: timesheetstatus_id_seq; Type: SEQUENCE; Schema: timesheet; Owner: postgres
--

CREATE SEQUENCE timesheet.timesheetstatus_id_seq
    START WITH 1
    INCREMENT BY 1
    NO MINVALUE
    NO MAXVALUE
    CACHE 1;


ALTER TABLE timesheet.timesheetstatus_id_seq OWNER TO postgres;

--
-- TOC entry 3433 (class 0 OID 0)
-- Dependencies: 212
-- Name: timesheetstatus_id_seq; Type: SEQUENCE OWNED BY; Schema: timesheet; Owner: postgres
--

ALTER SEQUENCE timesheet.timesheetstatus_id_seq OWNED BY timesheet.timesheetstatus.id;


--
-- TOC entry 226 (class 1259 OID 16613)
-- Name: tokenverification; Type: TABLE; Schema: timesheet; Owner: postgres
--

CREATE TABLE timesheet.tokenverification (
    users_id bigint NOT NULL,
    token_type character varying(20) NOT NULL,
    expiration_time timestamp without time zone,
    token character varying(512),
    versiono bigint DEFAULT 0 NOT NULL
);


ALTER TABLE timesheet.tokenverification OWNER TO postgres;

--
-- TOC entry 213 (class 1259 OID 16442)
-- Name: users; Type: TABLE; Schema: timesheet; Owner: postgres
--

CREATE TABLE timesheet.users (
    id bigint NOT NULL,
    emailaddress character varying(255) NOT NULL,
    firstname character varying(255) NOT NULL,
    isactive boolean NOT NULL,
    lastname character varying(255) NOT NULL,
    password character varying(255) NOT NULL,
    username character varying(255) NOT NULL,
    trigger_name character varying(200),
    trigger_group character varying(200),
    join_date date,
    versiono bigint DEFAULT 0 NOT NULL
);


ALTER TABLE timesheet.users OWNER TO postgres;

--
-- TOC entry 214 (class 1259 OID 16448)
-- Name: users_id_seq; Type: SEQUENCE; Schema: timesheet; Owner: postgres
--

CREATE SEQUENCE timesheet.users_id_seq
    START WITH 1
    INCREMENT BY 1
    NO MINVALUE
    NO MAXVALUE
    CACHE 1;


ALTER TABLE timesheet.users_id_seq OWNER TO postgres;

--
-- TOC entry 3434 (class 0 OID 0)
-- Dependencies: 214
-- Name: users_id_seq; Type: SEQUENCE OWNED BY; Schema: timesheet; Owner: postgres
--

ALTER SEQUENCE timesheet.users_id_seq OWNED BY timesheet.users.id;


--
-- TOC entry 224 (class 1259 OID 16585)
-- Name: userspermission; Type: TABLE; Schema: timesheet; Owner: postgres
--

CREATE TABLE timesheet.userspermission (
    permission_id bigint NOT NULL,
    users_id bigint NOT NULL,
    revoked boolean,
    versiono bigint DEFAULT 0 NOT NULL
);


ALTER TABLE timesheet.userspermission OWNER TO postgres;

--
-- TOC entry 225 (class 1259 OID 16600)
-- Name: userspreference; Type: TABLE; Schema: timesheet; Owner: postgres
--

CREATE TABLE timesheet.userspreference (
    id bigint NOT NULL,
    language character varying(256) NOT NULL,
    theme character varying(256) NOT NULL,
    versiono bigint DEFAULT 0 NOT NULL
);


ALTER TABLE timesheet.userspreference OWNER TO postgres;

--
-- TOC entry 223 (class 1259 OID 16570)
-- Name: usersrole; Type: TABLE; Schema: timesheet; Owner: postgres
--

CREATE TABLE timesheet.usersrole (
    role_id bigint NOT NULL,
    users_id bigint NOT NULL,
    versiono bigint DEFAULT 0 NOT NULL
);


ALTER TABLE timesheet.usersrole OWNER TO postgres;

--
-- TOC entry 215 (class 1259 OID 16450)
-- Name: usertask; Type: TABLE; Schema: timesheet; Owner: postgres
--

CREATE TABLE timesheet.usertask (
    userid bigint NOT NULL,
    taskid bigint NOT NULL,
    versiono bigint DEFAULT 0 NOT NULL
);


ALTER TABLE timesheet.usertask OWNER TO postgres;

--
-- TOC entry 3053 (class 2604 OID 16453)
-- Name: customer customerid; Type: DEFAULT; Schema: timesheet; Owner: postgres
--

ALTER TABLE ONLY timesheet.customer ALTER COLUMN customerid SET DEFAULT nextval('timesheet.customer_customerid_seq'::regclass);


--
-- TOC entry 3055 (class 2604 OID 16454)
-- Name: project id; Type: DEFAULT; Schema: timesheet; Owner: postgres
--

ALTER TABLE ONLY timesheet.project ALTER COLUMN id SET DEFAULT nextval('timesheet.project_id_seq'::regclass);


--
-- TOC entry 3057 (class 2604 OID 16455)
-- Name: task id; Type: DEFAULT; Schema: timesheet; Owner: postgres
--

ALTER TABLE ONLY timesheet.task ALTER COLUMN id SET DEFAULT nextval('timesheet.task_id_seq'::regclass);


--
-- TOC entry 3059 (class 2604 OID 16456)
-- Name: timeofftype id; Type: DEFAULT; Schema: timesheet; Owner: postgres
--

ALTER TABLE ONLY timesheet.timeofftype ALTER COLUMN id SET DEFAULT nextval('timesheet.timeofftype_id_seq'::regclass);


--
-- TOC entry 3061 (class 2604 OID 16457)
-- Name: timesheet id; Type: DEFAULT; Schema: timesheet; Owner: postgres
--

ALTER TABLE ONLY timesheet.timesheet ALTER COLUMN id SET DEFAULT nextval('timesheet.timesheet_id_seq'::regclass);


--
-- TOC entry 3063 (class 2604 OID 16458)
-- Name: timesheetdetails id; Type: DEFAULT; Schema: timesheet; Owner: postgres
--

ALTER TABLE ONLY timesheet.timesheetdetails ALTER COLUMN id SET DEFAULT nextval('timesheet.timesheetdetails_id_seq'::regclass);


--
-- TOC entry 3065 (class 2604 OID 16459)
-- Name: timesheetstatus id; Type: DEFAULT; Schema: timesheet; Owner: postgres
--

ALTER TABLE ONLY timesheet.timesheetstatus ALTER COLUMN id SET DEFAULT nextval('timesheet.timesheetstatus_id_seq'::regclass);


--
-- TOC entry 3067 (class 2604 OID 16460)
-- Name: users id; Type: DEFAULT; Schema: timesheet; Owner: postgres
--

ALTER TABLE ONLY timesheet.users ALTER COLUMN id SET DEFAULT nextval('timesheet.users_id_seq'::regclass);


--
-- TOC entry 3357 (class 0 OID 16388)
-- Dependencies: 198
-- Data for Name: app_configuration; Type: TABLE DATA; Schema: timesheet; Owner: postgres
--

COPY timesheet.app_configuration (id, type, value, versiono) FROM stdin;
\.


--
-- TOC entry 3358 (class 0 OID 16395)
-- Dependencies: 199
-- Data for Name: customer; Type: TABLE DATA; Schema: timesheet; Owner: postgres
--

COPY timesheet.customer (customerid, name, description, isactive, versiono) FROM stdin;
\.


--
-- TOC entry 3402 (class 0 OID 16891)
-- Dependencies: 243
-- Data for Name: dashboard; Type: TABLE DATA; Schema: timesheet; Owner: postgres
--

COPY timesheet.dashboard (id, versiono, is_published, owner_id) FROM stdin;
\.


--
-- TOC entry 3405 (class 0 OID 16913)
-- Dependencies: 246
-- Data for Name: dashboardversion; Type: TABLE DATA; Schema: timesheet; Owner: postgres
--

COPY timesheet.dashboardversion (dashboard_id, dashboard_version, user_id, versiono, description, is_refreshed, title) FROM stdin;
\.


--
-- TOC entry 3407 (class 0 OID 16949)
-- Dependencies: 248
-- Data for Name: dashboardversionreport; Type: TABLE DATA; Schema: timesheet; Owner: postgres
--

COPY timesheet.dashboardversionreport (dashboard_id, dashboard_version, report_id, user_id, versiono, order_id, report_width) FROM stdin;
\.


--
-- TOC entry 3376 (class 0 OID 16531)
-- Dependencies: 217
-- Data for Name: databasechangelog; Type: TABLE DATA; Schema: timesheet; Owner: postgres
--

COPY timesheet.databasechangelog (id, author, filename, dateexecuted, orderexecuted, exectype, md5sum, description, comments, tag, liquibase, contexts, labels, deployment_id) FROM stdin;
000000-000001	fastCode, Inc	db/changelog/db.initialTables.xml	2021-03-22 12:45:07.978709	1	EXECUTED	8:9103910981690fce93e91a0f6d2f4a3b	createTable tableName=permission; addUniqueConstraint constraintName=uk_permission_name, tableName=permission		\N	4.1.1	\N	\N	6417107374
000000-000002	fastCode, Inc	db/changelog/db.initialTables.xml	2021-03-22 12:45:08.010832	2	EXECUTED	8:ff7a18dd44fe44ab00cb159362e881c0	createTable tableName=role; addUniqueConstraint constraintName=uk_role_name, tableName=role		\N	4.1.1	\N	\N	6417107374
000000-000003	fastCode, Inc	db/changelog/db.initialTables.xml	2021-03-22 12:45:08.053616	3	EXECUTED	8:836912636252f112eaadf93fd3e29b3f	createTable tableName=rolepermission; addForeignKeyConstraint baseTableName=rolepermission, constraintName=fk_rolepermission_permission_id, referencedTableName=permission; addForeignKeyConstraint baseTableName=rolepermission, constraintName=fk_rol...		\N	4.1.1	\N	\N	6417107374
000000-000007	fastCode, Inc	db/changelog/db.initialTables.xml	2021-03-22 12:45:08.087064	4	EXECUTED	8:c6e885725a960a70c854e4bfe76d0a86	createTable tableName=usersrole; addForeignKeyConstraint baseTableName=usersrole, constraintName=fk_usersrole_users, referencedTableName=users; addForeignKeyConstraint baseTableName=usersrole, constraintName=fk_usersrole_role_id, referencedTableNa...		\N	4.1.1	\N	\N	6417107374
000000-000008	fastCode, Inc	db/changelog/db.initialTables.xml	2021-03-22 12:45:08.116603	5	EXECUTED	8:0cc6e97f2937704c042ff594fe265118	createTable tableName=userspermission; addForeignKeyConstraint baseTableName=userspermission, constraintName=fk_userspermission_users, referencedTableName=users; addForeignKeyConstraint baseTableName=userspermission, constraintName=fk_userspermiss...		\N	4.1.1	\N	\N	6417107374
000000-000009	fastCode, Inc	db/changelog/db.initialTables.xml	2021-03-22 12:45:08.147835	6	EXECUTED	8:ae86c444f13e8b2f8d434e7780dc2b41	createTable tableName=userspreference; addForeignKeyConstraint baseTableName=userspreference, constraintName=fkr_userspreference, referencedTableName=users		\N	4.1.1	\N	\N	6417107374
000000-000010	fastCode, Inc	db/changelog/db.initialTables.xml	2021-03-22 12:45:08.177761	7	EXECUTED	8:2539f2573af037c5777b7865a2500a6c	createTable tableName=tokenverification; addForeignKeyConstraint baseTableName=tokenverification, constraintName=fk_tokenverification_users, referencedTableName=users		\N	4.1.1	\N	\N	6417107374
000000-000011	fastCode, Inc	db/changelog/db.initialTables.xml	2021-03-22 12:45:08.201786	8	EXECUTED	8:9cb69755aa944a0c54c5014c145756da	createTable tableName=jwt_entity		\N	4.1.1	\N	\N	6417107374
userspreference100	fastCode, Inc	db/changelog/db.addVersionToExistingTables_1.xml	2021-03-22 12:45:08.271196	9	EXECUTED	8:a8fa21694a3454768935da619a448e60	addColumn tableName=userspreference		\N	4.1.1	\N	\N	6417107374
task101	fastCode, Inc	db/changelog/db.addVersionToExistingTables_1.xml	2021-03-22 12:45:08.305562	10	EXECUTED	8:970ecac9e0ae8ce2415ec06c3710f426	addColumn tableName=task		\N	4.1.1	\N	\N	6417107374
jwt_entity102	fastCode, Inc	db/changelog/db.addVersionToExistingTables_1.xml	2021-03-22 12:45:08.341104	11	EXECUTED	8:b0c5c6085674330d32af6b489e0f2215	addColumn tableName=jwt_entity		\N	4.1.1	\N	\N	6417107374
customer103	fastCode, Inc	db/changelog/db.addVersionToExistingTables_1.xml	2021-03-22 12:45:08.37425	12	EXECUTED	8:0f4e0702f8bc1b8fa9ef4719bf08739a	addColumn tableName=customer		\N	4.1.1	\N	\N	6417107374
timeofftype104	fastCode, Inc	db/changelog/db.addVersionToExistingTables_1.xml	2021-03-22 12:45:08.403632	13	EXECUTED	8:d3e4fe22ba8ead1ec3c26fe1069da2cf	addColumn tableName=timeofftype		\N	4.1.1	\N	\N	6417107374
timesheet105	fastCode, Inc	db/changelog/db.addVersionToExistingTables_1.xml	2021-03-22 12:45:08.433915	14	EXECUTED	8:999eb3d2541a644e5afa41acea1647bc	addColumn tableName=timesheet		\N	4.1.1	\N	\N	6417107374
rolepermission106	fastCode, Inc	db/changelog/db.addVersionToExistingTables_1.xml	2021-03-22 12:45:08.464452	15	EXECUTED	8:032fc616f242d238a229840d70785a60	addColumn tableName=rolepermission		\N	4.1.1	\N	\N	6417107374
users107	fastCode, Inc	db/changelog/db.addVersionToExistingTables_1.xml	2021-03-22 12:45:08.496748	16	EXECUTED	8:ce05c6dc8afe228e2a447f9deaacbb22	addColumn tableName=users		\N	4.1.1	\N	\N	6417107374
role108	fastCode, Inc	db/changelog/db.addVersionToExistingTables_1.xml	2021-03-22 12:45:08.53294	17	EXECUTED	8:03292e08484745e04f41202aa4b9314c	addColumn tableName=role		\N	4.1.1	\N	\N	6417107374
tokenverification109	fastCode, Inc	db/changelog/db.addVersionToExistingTables_1.xml	2021-03-22 12:45:08.570626	18	EXECUTED	8:6bbe1b66f442c07c61879ad3fe304ebe	addColumn tableName=tokenverification		\N	4.1.1	\N	\N	6417107374
project110	fastCode, Inc	db/changelog/db.addVersionToExistingTables_1.xml	2021-03-22 12:45:08.613483	19	EXECUTED	8:289052a5653b9e4e2b1cbbf2abfdb23d	addColumn tableName=project		\N	4.1.1	\N	\N	6417107374
usertask111	fastCode, Inc	db/changelog/db.addVersionToExistingTables_1.xml	2021-03-22 12:45:08.638932	20	EXECUTED	8:50a08553f012fc9f5c6a891010d18d9b	addColumn tableName=usertask		\N	4.1.1	\N	\N	6417107374
app_configuration112	fastCode, Inc	db/changelog/db.addVersionToExistingTables_1.xml	2021-03-22 12:45:08.665478	21	EXECUTED	8:5becc2305094f4fba50cf60384ef2896	addColumn tableName=app_configuration		\N	4.1.1	\N	\N	6417107374
permission113	fastCode, Inc	db/changelog/db.addVersionToExistingTables_1.xml	2021-03-22 12:45:08.692621	22	EXECUTED	8:11e35c56f7e27c6412742f1a2010109d	addColumn tableName=permission		\N	4.1.1	\N	\N	6417107374
usersrole114	fastCode, Inc	db/changelog/db.addVersionToExistingTables_1.xml	2021-03-22 12:45:08.715072	23	EXECUTED	8:3a4d4e90ab156cdfd3c1e43e74034814	addColumn tableName=usersrole		\N	4.1.1	\N	\N	6417107374
timesheetstatus115	fastCode, Inc	db/changelog/db.addVersionToExistingTables_1.xml	2021-03-22 12:45:08.740861	24	EXECUTED	8:535ef9dd3e0712e8d097c9504cfad45a	addColumn tableName=timesheetstatus		\N	4.1.1	\N	\N	6417107374
timesheetdetails116	fastCode, Inc	db/changelog/db.addVersionToExistingTables_1.xml	2021-03-22 12:45:08.773231	25	EXECUTED	8:fc923e6171cfa2161d3b1a366dd36028	addColumn tableName=timesheetdetails		\N	4.1.1	\N	\N	6417107374
userspermission117	fastCode, Inc	db/changelog/db.addVersionToExistingTables_1.xml	2021-03-22 12:45:08.796801	26	EXECUTED	8:57a1038ea0e06ce539251e096fe562c0	addColumn tableName=userspermission		\N	4.1.1	\N	\N	6417107374
000000-000021	fastCode, Inc	db/changelog/db.quartzTables.xml	2021-03-22 12:45:08.813296	27	EXECUTED	8:d4d5c100f1ab89969aa4342b5ec35a8a	createTable tableName=qrtz_paused_trigger_grps		\N	4.1.1	\N	\N	6417107374
000000-000022	fastCode, Inc	db/changelog/db.quartzTables.xml	2021-03-22 12:45:08.851756	28	EXECUTED	8:09b1582789ebaba6f0bf8739fcb5e67a	createTable tableName=qrtz_job_details; createIndex indexName=idx_qrtz_j_grp, tableName=qrtz_job_details; createIndex indexName=idx_qrtz_j_req_recovery, tableName=qrtz_job_details		\N	4.1.1	\N	\N	6417107374
000000-000023	fastCode, Inc	db/changelog/db.quartzTables.xml	2021-03-22 12:45:08.968495	29	EXECUTED	8:ce0991599f8fc92286b3a5e3cba42a8a	createTable tableName=qrtz_triggers; addForeignKeyConstraint baseTableName=qrtz_triggers, constraintName=qrtz_triggers_sched_name_fkey, referencedTableName=qrtz_job_details; createIndex indexName=idx_qrtz_t_c, tableName=qrtz_triggers; createIndex ...		\N	4.1.1	\N	\N	6417107374
assign-rolepermission-DASHBOARDENTITY_READ	fastCode, Inc	db/changelog/db.data.xml	2021-03-22 12:45:28.482815	59	EXECUTED	8:0614054cd9ccdec99ac6163dbcdb1eba	insert tableName=rolepermission		\N	4.1.1	\N	\N	6417107374
000000-000024	fastCode, Inc	db/changelog/db.quartzTables.xml	2021-03-22 12:45:08.996977	30	EXECUTED	8:02a33700187dad4048cadfd2ec29e11b	createTable tableName=qrtz_cron_triggers; addForeignKeyConstraint baseTableName=qrtz_cron_triggers, constraintName=qrtz_cron_triggers_sched_name_fkey, referencedTableName=qrtz_triggers		\N	4.1.1	\N	\N	6417107374
000000-000025	fastCode, Inc	db/changelog/db.quartzTables.xml	2021-03-22 12:45:09.020325	31	EXECUTED	8:96c589271d3e2005a122ae033f1a9712	createTable tableName=qrtz_calendars		\N	4.1.1	\N	\N	6417107374
000000-000026	fastCode, Inc	db/changelog/db.quartzTables.xml	2021-03-22 12:45:09.044896	32	EXECUTED	8:3220b013d45937ad6a8bda2f1d159ed5	createTable tableName=job_history		\N	4.1.1	\N	\N	6417107374
000000-000027	fastCode, Inc	db/changelog/db.quartzTables.xml	2021-03-22 12:45:09.073739	33	EXECUTED	8:2ca77f1455d373b197652618b6a51ecb	createTable tableName=qrtz_blob_triggers; addForeignKeyConstraint baseTableName=qrtz_blob_triggers, constraintName=qrtz_blob_triggers_sched_name_fkey, referencedTableName=qrtz_triggers		\N	4.1.1	\N	\N	6417107374
000000-000028	fastCode, Inc	db/changelog/db.quartzTables.xml	2021-03-22 12:45:09.097539	34	EXECUTED	8:d851182535de38fae963a7f8a2719f0a	createTable tableName=qrtz_simprop_triggers		\N	4.1.1	\N	\N	6417107374
000000-000029	fastCode, Inc	db/changelog/db.quartzTables.xml	2021-03-22 12:45:09.135867	35	EXECUTED	8:92aa90f366f1bf19d58cb4f938491265	createTable tableName=qrtz_simple_triggers; addForeignKeyConstraint baseTableName=qrtz_simprop_triggers, constraintName=qrtz_simprop_triggers_sched_name_fkey, referencedTableName=qrtz_triggers; addForeignKeyConstraint baseTableName=qrtz_simple_tri...		\N	4.1.1	\N	\N	6417107374
000000-000030	fastCode, Inc	db/changelog/db.quartzTables.xml	2021-03-22 12:45:09.2093	36	EXECUTED	8:049b32b5edcfc747149ffacb9bb975ad	createTable tableName=qrtz_fired_triggers; createIndex indexName=idx_qrtz_ft_inst_job_req_rcvry, tableName=qrtz_fired_triggers; createIndex indexName=idx_qrtz_ft_j_g, tableName=qrtz_fired_triggers; createIndex indexName=idx_qrtz_ft_jg, tableName=q...		\N	4.1.1	\N	\N	6417107374
000000-000031	fastCode, Inc	db/changelog/db.quartzTables.xml	2021-03-22 12:45:09.230293	37	EXECUTED	8:fedbd408e65fc4e9e046a26fb92a2aae	createTable tableName=qrtz_scheduler_state		\N	4.1.1	\N	\N	6417107374
000000-000032	fastCode, Inc	db/changelog/db.quartzTables.xml	2021-03-22 12:45:09.246268	38	EXECUTED	8:405a902ad389d24208b895e8b0b9ae9f	createTable tableName=qrtz_locks		\N	4.1.1	\N	\N	6417107374
000000-000015	fastCode, Inc	db/changelog/db.reportingTables.xml	2021-03-22 12:45:09.268133	39	EXECUTED	8:37625434bcf2367dc4c17250b3fd1bb4	createTable tableName=dashboard; addForeignKeyConstraint baseTableName=dashboard, constraintName=fk_dashboard_users, referencedTableName=users		\N	4.1.1	\N	\N	6417107374
000000-000016	fastCode, Inc	db/changelog/db.reportingTables.xml	2021-03-22 12:45:09.293508	40	EXECUTED	8:f9450d2ea5f2281de533c14b81c2df64	createTable tableName=report; addForeignKeyConstraint baseTableName=report, constraintName=fk_report_users, referencedTableName=users		\N	4.1.1	\N	\N	6417107374
000000-000017	fastCode, Inc	db/changelog/db.reportingTables.xml	2021-03-22 12:45:09.323983	41	EXECUTED	8:c4fec600c0fd85b8002c111b695262aa	createTable tableName=dashboardversion; addForeignKeyConstraint baseTableName=dashboardversion, constraintName=fk_dashboardversion_dashboard, referencedTableName=dashboard; addForeignKeyConstraint baseTableName=dashboardversion, constraintName=fk_...		\N	4.1.1	\N	\N	6417107374
000000-000018	fastCode, Inc	db/changelog/db.reportingTables.xml	2021-03-22 12:45:09.353963	42	EXECUTED	8:73f6c3fe32a51961d46c24970ad6fe94	createTable tableName=reportversion; addForeignKeyConstraint baseTableName=reportversion, constraintName=fk_reportversion_report, referencedTableName=report; addForeignKeyConstraint baseTableName=reportversion, constraintName=fk_reportversion_user...		\N	4.1.1	\N	\N	6417107374
000000-000019	fastCode, Inc	db/changelog/db.reportingTables.xml	2021-03-22 12:45:09.388057	43	EXECUTED	8:f15f838aa132f0c61f6db8d527b814b9	createTable tableName=dashboardversionreport; addForeignKeyConstraint baseTableName=dashboardversionreport, constraintName=fk_dashboardversionreport_dashboardversion, referencedTableName=dashboardversion; addForeignKeyConstraint baseTableName=dash...		\N	4.1.1	\N	\N	6417107374
000000-000033	fastCode, Inc	db/changelog/db.documentApi.xml	2021-03-22 12:45:09.415381	44	EXECUTED	8:8ef293a7c2295a24a8ae16806e9951d4	createTable tableName=file		\N	4.1.1	\N	\N	6417107374
000000-000034	fastCode, Inc	db/changelog/db.documentApi.xml	2021-03-22 12:45:09.445781	45	EXECUTED	8:63bf1a0f354ed3b188f49832a7f500cb	createTable tableName=locks; createIndex indexName=locks_idx, tableName=locks		\N	4.1.1	\N	\N	6417107374
000000-000035	fastCode, Inc	db/changelog/db.emailApi.xml	2021-03-22 12:45:09.472939	46	EXECUTED	8:20adfbee651034b1d2e86df1d2e2faa2	createTable tableName=email_history		\N	4.1.1	\N	\N	6417107374
000000-000036	fastCode, Inc	db/changelog/db.emailApi.xml	2021-03-22 12:45:09.501987	47	EXECUTED	8:cf9a7d035b484e45bb8309cbf1ca1293	createTable tableName=email_attachments; addForeignKeyConstraint baseTableName=email_attachments, constraintName=fk_fileid_file, referencedTableName=file; addForeignKeyConstraint baseTableName=email_attachments, constraintName=fk_emailid_emailhist...		\N	4.1.1	\N	\N	6417107374
permission_1	fastCode, Inc	db/changelog/db.data.xml	2021-03-22 12:45:12.280817	48	EXECUTED	8:97a46c0886cae194441aae29e3993dbb	loadData tableName=permission		\N	4.1.1	\N	\N	6417107374
permission_2	fastCode, Inc	db/changelog/db.data.xml	2021-03-22 12:45:14.849759	49	EXECUTED	8:579e9e524c03e3b8b28a5754ddf20d71	loadData tableName=permission		\N	4.1.1	\N	\N	6417107374
role	fastCode, Inc	db/changelog/db.data.xml	2021-03-22 12:45:17.53809	50	EXECUTED	8:67f1def125ad59b73f6f164a570fb6be	loadData tableName=role		\N	4.1.1	\N	\N	6417107374
rolepermission	fastCode, Inc	db/changelog/db.data.xml	2021-03-22 12:45:20.031723	51	EXECUTED	8:d3e2d1aec752148a009f77e3f0891513	loadData tableName=rolepermission		\N	4.1.1	\N	\N	6417107374
user	fastCode, Inc	db/changelog/db.data.xml	2021-03-22 12:45:22.869172	52	EXECUTED	8:2f5bc7983a8ecac1ed34a2eb47139716	loadData tableName=users		\N	4.1.1	\N	\N	6417107374
userrole	fastCode, Inc	db/changelog/db.data.xml	2021-03-22 12:45:25.374891	53	EXECUTED	8:0b173423c36ca1ff1a6711d9623f29e3	loadData tableName=usersrole		\N	4.1.1	\N	\N	6417107374
userpreference	fastCode, Inc	db/changelog/db.data.xml	2021-03-22 12:45:28.423988	54	EXECUTED	8:4d33811579930fb6735ac88cd39ac9d2	loadData tableName=userspreference		\N	4.1.1	\N	\N	6417107374
assign-rolepermission-REPORTDASHBOARDENTITY_DELETE	fastCode, Inc	db/changelog/db.data.xml	2021-03-22 12:45:28.433378	55	EXECUTED	8:6387821f463b612cf7c2ec35f48aee95	insert tableName=rolepermission		\N	4.1.1	\N	\N	6417107374
assign-rolepermission-REPORTDASHBOARDENTITY_READ	fastCode, Inc	db/changelog/db.data.xml	2021-03-22 12:45:28.443867	56	EXECUTED	8:cda0357723437aab6131167ac3d3b2b5	insert tableName=rolepermission		\N	4.1.1	\N	\N	6417107374
assign-rolepermission-REPORTENTITY_READ	fastCode, Inc	db/changelog/db.data.xml	2021-03-22 12:45:28.456291	57	EXECUTED	8:165c1f5c5cc559d06e0ff66fd2458b54	insert tableName=rolepermission		\N	4.1.1	\N	\N	6417107374
assign-rolepermission-DASHBOARDENTITY_CREATE	fastCode, Inc	db/changelog/db.data.xml	2021-03-22 12:45:28.467101	58	EXECUTED	8:dbf939cb6e7228a1eb087ada8c449588	insert tableName=rolepermission		\N	4.1.1	\N	\N	6417107374
assign-rolepermission-REPORTENTITY_CREATE	fastCode, Inc	db/changelog/db.data.xml	2021-03-22 12:45:28.49336	60	EXECUTED	8:f46f426dd3df05b2ccebd00171e5d3a8	insert tableName=rolepermission		\N	4.1.1	\N	\N	6417107374
assign-rolepermission-REPORTENTITY_UPDATE	fastCode, Inc	db/changelog/db.data.xml	2021-03-22 12:45:28.504491	61	EXECUTED	8:3a6d8fbda850efb79c53fba48ed4cb2e	insert tableName=rolepermission		\N	4.1.1	\N	\N	6417107374
assign-rolepermission-REPORTDASHBOARDENTITY_CREATE	fastCode, Inc	db/changelog/db.data.xml	2021-03-22 12:45:28.517132	62	EXECUTED	8:af3dde6d601ac90a41de038ae4a27caf	insert tableName=rolepermission		\N	4.1.1	\N	\N	6417107374
assign-rolepermission-REPORTDASHBOARDENTITY_UPDATE	fastCode, Inc	db/changelog/db.data.xml	2021-03-22 12:45:28.529135	63	EXECUTED	8:e4172862d2aeb5656a8f516a135804d5	insert tableName=rolepermission		\N	4.1.1	\N	\N	6417107374
assign-rolepermission-DASHBOARDENTITY_UPDATE	fastCode, Inc	db/changelog/db.data.xml	2021-03-22 12:45:28.545912	64	EXECUTED	8:3c7fdcc4ad768e4c8205ba70760391cd	insert tableName=rolepermission		\N	4.1.1	\N	\N	6417107374
assign-rolepermission-REPORTENTITY_DELETE	fastCode, Inc	db/changelog/db.data.xml	2021-03-22 12:45:28.561637	65	EXECUTED	8:19bf0c7e74107a73fe8f3f5eeba5ddfc	insert tableName=rolepermission		\N	4.1.1	\N	\N	6417107374
assign-rolepermission-DASHBOARDENTITY_DELETE	fastCode, Inc	db/changelog/db.data.xml	2021-03-22 12:45:28.573875	66	EXECUTED	8:2115e2736af47c3f0804a06a5c7209fd	insert tableName=rolepermission		\N	4.1.1	\N	\N	6417107374
\.


--
-- TOC entry 3375 (class 0 OID 16526)
-- Dependencies: 216
-- Data for Name: databasechangeloglock; Type: TABLE DATA; Schema: timesheet; Owner: postgres
--

COPY timesheet.databasechangeloglock (id, locked, lockgranted, lockedby) FROM stdin;
1	f	\N	\N
\.


--
-- TOC entry 3414 (class 0 OID 16995)
-- Dependencies: 255
-- Data for Name: email_attachments; Type: TABLE DATA; Schema: timesheet; Owner: postgres
--

COPY timesheet.email_attachments (id, email_id, file_id, type, versiono) FROM stdin;
\.


--
-- TOC entry 3412 (class 0 OID 16985)
-- Dependencies: 253
-- Data for Name: email_history; Type: TABLE DATA; Schema: timesheet; Owner: postgres
--

COPY timesheet.email_history (id, bcc, body, cc, subject, to_, is_html, reply_to, sent_date, versiono) FROM stdin;
\.


--
-- TOC entry 3409 (class 0 OID 16969)
-- Dependencies: 250
-- Data for Name: file; Type: TABLE DATA; Schema: timesheet; Owner: postgres
--

COPY timesheet.file (id, ancestor_id, ancestral_root_id, content_length, content_id, created, label, lock_owner, mime_type, name, successor_id, summary, versionp, versiono) FROM stdin;
\.


--
-- TOC entry 3394 (class 0 OID 16818)
-- Dependencies: 235
-- Data for Name: job_history; Type: TABLE DATA; Schema: timesheet; Owner: postgres
--

COPY timesheet.job_history (id, duration, finished_time, fired_time, job_class, job_description, job_group, job_map_data, job_name, job_status, trigger_group, trigger_name) FROM stdin;
\.


--
-- TOC entry 3415 (class 0 OID 17011)
-- Dependencies: 256
-- Data for Name: jv_commit; Type: TABLE DATA; Schema: timesheet; Owner: postgres
--

COPY timesheet.jv_commit (commit_pk, author, commit_date, commit_date_instant, commit_id) FROM stdin;
100	admin	2021-03-22 13:11:11.641	2021-03-22T13:11:11.641Z	1.00
101	admin	2021-03-22 13:13:54.32	2021-03-22T13:13:54.320Z	2.00
102	admin	2021-03-22 13:14:08.259	2021-03-22T13:14:08.259Z	3.00
103	admin	2021-03-22 13:18:44.743	2021-03-22T13:18:44.743Z	4.00
\.


--
-- TOC entry 3417 (class 0 OID 17019)
-- Dependencies: 258
-- Data for Name: jv_commit_property; Type: TABLE DATA; Schema: timesheet; Owner: postgres
--

COPY timesheet.jv_commit_property (property_name, property_value, commit_fk) FROM stdin;
\.


--
-- TOC entry 3418 (class 0 OID 17034)
-- Dependencies: 259
-- Data for Name: jv_global_id; Type: TABLE DATA; Schema: timesheet; Owner: postgres
--

COPY timesheet.jv_global_id (global_id_pk, local_id, fragment, type_name, owner_id_fk) FROM stdin;
100	103	\N	com.fastcode.timesheetapp1.domain.core.authorization.permission.PermissionEntity	\N
101	104	\N	com.fastcode.timesheetapp1.domain.core.authorization.permission.PermissionEntity	\N
102	105	\N	com.fastcode.timesheetapp1.domain.core.authorization.permission.PermissionEntity	\N
103	3	\N	com.fastcode.timesheetapp1.domain.core.authorization.role.RoleEntity	\N
104	"104,3"	\N	com.fastcode.timesheetapp1.domain.core.authorization.rolepermission.RolepermissionEntity	\N
\.


--
-- TOC entry 3420 (class 0 OID 17051)
-- Dependencies: 261
-- Data for Name: jv_snapshot; Type: TABLE DATA; Schema: timesheet; Owner: postgres
--

COPY timesheet.jv_snapshot (snapshot_pk, type, version, state, changed_properties, managed_type, global_id_fk, commit_fk) FROM stdin;
100	INITIAL	1	{\n  "userspermissionsSet": [],\n  "displayName": "show entities",\n  "name": "showEntities",\n  "versiono": 0,\n  "rolepermissionsSet": [],\n  "id": 103\n}	[\n  "userspermissionsSet",\n  "displayName",\n  "name",\n  "versiono",\n  "rolepermissionsSet",\n  "id"\n]	com.fastcode.timesheetapp1.domain.core.authorization.permission.PermissionEntity	100	100
200	INITIAL	1	{\n  "userspermissionsSet": [],\n  "displayName": "fill timesheet",\n  "name": "FILL_TIMESHEET",\n  "versiono": 0,\n  "rolepermissionsSet": [],\n  "id": 104\n}	[\n  "userspermissionsSet",\n  "displayName",\n  "name",\n  "versiono",\n  "rolepermissionsSet",\n  "id"\n]	com.fastcode.timesheetapp1.domain.core.authorization.permission.PermissionEntity	101	101
300	INITIAL	1	{\n  "userspermissionsSet": [],\n  "displayName": "set reminder",\n  "name": "SET_REMINDER",\n  "versiono": 0,\n  "rolepermissionsSet": [],\n  "id": 105\n}	[\n  "userspermissionsSet",\n  "displayName",\n  "name",\n  "versiono",\n  "rolepermissionsSet",\n  "id"\n]	com.fastcode.timesheetapp1.domain.core.authorization.permission.PermissionEntity	102	102
400	INITIAL	1	{\n  "displayName": "Employee",\n  "name": "ROLE_Employee",\n  "usersrolesSet": [],\n  "versiono": 0,\n  "rolepermissionsSet": [],\n  "id": 3\n}	[\n  "displayName",\n  "name",\n  "usersrolesSet",\n  "versiono",\n  "rolepermissionsSet",\n  "id"\n]	com.fastcode.timesheetapp1.domain.core.authorization.role.RoleEntity	103	103
500	INITIAL	1	{\n  "permissionId": 104,\n  "role": {\n    "entity": "com.fastcode.timesheetapp1.domain.core.authorization.role.RoleEntity",\n    "cdoId": 3\n  },\n  "roleId": 3,\n  "versiono": 0,\n  "permission": {\n    "entity": "com.fastcode.timesheetapp1.domain.core.authorization.permission.PermissionEntity",\n    "cdoId": 104\n  }\n}	[\n  "permissionId",\n  "role",\n  "roleId",\n  "versiono",\n  "permission"\n]	com.fastcode.timesheetapp1.domain.core.authorization.rolepermission.RolepermissionEntity	104	103
\.


--
-- TOC entry 3387 (class 0 OID 16628)
-- Dependencies: 228
-- Data for Name: jwt_entity; Type: TABLE DATA; Schema: timesheet; Owner: postgres
--

COPY timesheet.jwt_entity (id, authorization_token, authentication_token, user_name, versiono) FROM stdin;
6	Bearer_eyJhbGciOiJIUzUxMiJ9.eyJzdWIiOiJhZG1pbiIsInNjb3BlcyI6WyJBUFBDT05GSUdVUkFUSU9ORU5USVRZX0NSRUFURSIsIkFQUENPTkZJR1VSQVRJT05FTlRJVFlfREVMRVRFIiwiQVBQQ09ORklHVVJBVElPTkVOVElUWV9SRUFEIiwiQVBQQ09ORklHVVJBVElPTkVOVElUWV9VUERBVEUiLCJDVVNUT01FUkVOVElUWV9DUkVBVEUiLCJDVVNUT01FUkVOVElUWV9ERUxFVEUiLCJDVVNUT01FUkVOVElUWV9SRUFEIiwiQ1VTVE9NRVJFTlRJVFlfVVBEQVRFIiwiREFTSEJPQVJERU5USVRZX0NSRUFURSIsIkRBU0hCT0FSREVOVElUWV9ERUxFVEUiLCJEQVNIQk9BUkRFTlRJVFlfUkVBRCIsIkRBU0hCT0FSREVOVElUWV9VUERBVEUiLCJFTlRJVFlISVNUT1JZIiwiRklMRUVOVElUWV9DUkVBVEUiLCJGSUxFRU5USVRZX0RFTEVURSIsIkZJTEVFTlRJVFlfUkVBRCIsIkZJTEVFTlRJVFlfVVBEQVRFIiwiRklMRV9MT0NLIiwiRklMRV9VTkxPQ0siLCJKT0JERVRBSUxTRU5USVRZX0NSRUFURSIsIkpPQkRFVEFJTFNFTlRJVFlfREVMRVRFIiwiSk9CREVUQUlMU0VOVElUWV9SRUFEIiwiSk9CREVUQUlMU0VOVElUWV9VUERBVEUiLCJKV1RFTlRJVFlFTlRJVFlfQ1JFQVRFIiwiSldURU5USVRZRU5USVRZX0RFTEVURSIsIkpXVEVOVElUWUVOVElUWV9SRUFEIiwiSldURU5USVRZRU5USVRZX1VQREFURSIsIlBFUk1JU1NJT05FTlRJVFlfQ1JFQVRFIiwiUEVSTUlTU0lPTkVOVElUWV9ERUxFVEUiLCJQRVJNSVNTSU9ORU5USVRZX1JFQUQiLCJQRVJNSVNTSU9ORU5USVRZX1VQREFURSIsIlBST0pFQ1RFTlRJVFlfQ1JFQVRFIiwiUFJPSkVDVEVOVElUWV9ERUxFVEUiLCJQUk9KRUNURU5USVRZX1JFQUQiLCJQUk9KRUNURU5USVRZX1VQREFURSIsIlJFUE9SVERBU0hCT0FSREVOVElUWV9DUkVBVEUiLCJSRVBPUlREQVNIQk9BUkRFTlRJVFlfREVMRVRFIiwiUkVQT1JUREFTSEJPQVJERU5USVRZX1JFQUQiLCJSRVBPUlREQVNIQk9BUkRFTlRJVFlfVVBEQVRFIiwiUkVQT1JURU5USVRZX0NSRUFURSIsIlJFUE9SVEVOVElUWV9ERUxFVEUiLCJSRVBPUlRFTlRJVFlfUkVBRCIsIlJFUE9SVEVOVElUWV9VUERBVEUiLCJST0xFRU5USVRZX0NSRUFURSIsIlJPTEVFTlRJVFlfREVMRVRFIiwiUk9MRUVOVElUWV9SRUFEIiwiUk9MRUVOVElUWV9VUERBVEUiLCJST0xFUEVSTUlTU0lPTkVOVElUWV9DUkVBVEUiLCJST0xFUEVSTUlTU0lPTkVOVElUWV9ERUxFVEUiLCJST0xFUEVSTUlTU0lPTkVOVElUWV9SRUFEIiwiUk9MRVBFUk1JU1NJT05FTlRJVFlfVVBEQVRFIiwiU0VOREVNQUlMIiwiVEFTS0VOVElUWV9DUkVBVEUiLCJUQVNLRU5USVRZX0RFTEVURSIsIlRBU0tFTlRJVFlfUkVBRCIsIlRBU0tFTlRJVFlfVVBEQVRFIiwiVElNRU9GRlRZUEVFTlRJVFlfQ1JFQVRFIiwiVElNRU9GRlRZUEVFTlRJVFlfREVMRVRFIiwiVElNRU9GRlRZUEVFTlRJVFlfUkVBRCIsIlRJTUVPRkZUWVBFRU5USVRZX1VQREFURSIsIlRJTUVTSEVFVERFVEFJTFNFTlRJVFlfQ1JFQVRFIiwiVElNRVNIRUVUREVUQUlMU0VOVElUWV9ERUxFVEUiLCJUSU1FU0hFRVRERVRBSUxTRU5USVRZX1JFQUQiLCJUSU1FU0hFRVRERVRBSUxTRU5USVRZX1VQREFURSIsIlRJTUVTSEVFVEVOVElUWV9DUkVBVEUiLCJUSU1FU0hFRVRFTlRJVFlfREVMRVRFIiwiVElNRVNIRUVURU5USVRZX1JFQUQiLCJUSU1FU0hFRVRFTlRJVFlfVVBEQVRFIiwiVElNRVNIRUVUU1RBVFVTRU5USVRZX0NSRUFURSIsIlRJTUVTSEVFVFNUQVRVU0VOVElUWV9ERUxFVEUiLCJUSU1FU0hFRVRTVEFUVVNFTlRJVFlfUkVBRCIsIlRJTUVTSEVFVFNUQVRVU0VOVElUWV9VUERBVEUiLCJUT0tFTlZFUklGSUNBVElPTkVOVElUWV9DUkVBVEUiLCJUT0tFTlZFUklGSUNBVElPTkVOVElUWV9ERUxFVEUiLCJUT0tFTlZFUklGSUNBVElPTkVOVElUWV9SRUFEIiwiVE9LRU5WRVJJRklDQVRJT05FTlRJVFlfVVBEQVRFIiwiVFJJR0dFUkRFVEFJTFNFTlRJVFlfQ1JFQVRFIiwiVFJJR0dFUkRFVEFJTFNFTlRJVFlfREVMRVRFIiwiVFJJR0dFUkRFVEFJTFNFTlRJVFlfUkVBRCIsIlRSSUdHRVJERVRBSUxTRU5USVRZX1VQREFURSIsIlVTRVJTRU5USVRZX0NSRUFURSIsIlVTRVJTRU5USVRZX0RFTEVURSIsIlVTRVJTRU5USVRZX1JFQUQiLCJVU0VSU0VOVElUWV9VUERBVEUiLCJVU0VSU1BFUk1JU1NJT05FTlRJVFlfQ1JFQVRFIiwiVVNFUlNQRVJNSVNTSU9ORU5USVRZX0RFTEVURSIsIlVTRVJTUEVSTUlTU0lPTkVOVElUWV9SRUFEIiwiVVNFUlNQRVJNSVNTSU9ORU5USVRZX1VQREFURSIsIlVTRVJTUFJFRkVSRU5DRUVOVElUWV9DUkVBVEUiLCJVU0VSU1BSRUZFUkVOQ0VFTlRJVFlfREVMRVRFIiwiVVNFUlNQUkVGRVJFTkNFRU5USVRZX1JFQUQiLCJVU0VSU1BSRUZFUkVOQ0VFTlRJVFlfVVBEQVRFIiwiVVNFUlNST0xFRU5USVRZX0NSRUFURSIsIlVTRVJTUk9MRUVOVElUWV9ERUxFVEUiLCJVU0VSU1JPTEVFTlRJVFlfUkVBRCIsIlVTRVJTUk9MRUVOVElUWV9VUERBVEUiLCJVU0VSVEFTS0VOVElUWV9DUkVBVEUiLCJVU0VSVEFTS0VOVElUWV9ERUxFVEUiLCJVU0VSVEFTS0VOVElUWV9SRUFEIiwiVVNFUlRBU0tFTlRJVFlfVVBEQVRFIiwiVkVSU0lPTl9DUkVBVEUiLCJWRVJTSU9OX1JFQUQiLCJzaG93RW50aXRpZXMiXSwiZXhwIjoxNjE3Mjg0Mjc4fQ.NtAUnBkO6peIoXAgX6RmGaMWnQRVwRAYZavKpiEEtBWkb7Tv8vISMYIYYTDD3bKhTmWYMcrDdB17qbjtF_OHyw	Bearer_eyJhbGciOiJIUzUxMiJ9.eyJzdWIiOiJhZG1pbiIsImV4cCI6MTYxNzI4NDI3OH0.k9HzdVNap_8bxEqcIaJ_rYHaocDgJ3e4UwVDWJK2KmSAs5IOf4BAZe1YPqTGZ0PwlgjIYiXqrexls6IvmFwg-Q	admin	0
\.


--
-- TOC entry 3410 (class 0 OID 16977)
-- Dependencies: 251
-- Data for Name: locks; Type: TABLE DATA; Schema: timesheet; Owner: postgres
--

COPY timesheet.locks (entity_id, lock_owner) FROM stdin;
\.


--
-- TOC entry 3378 (class 0 OID 16539)
-- Dependencies: 219
-- Data for Name: permission; Type: TABLE DATA; Schema: timesheet; Owner: postgres
--

COPY timesheet.permission (id, display_name, name, versiono) FROM stdin;
1	create tokenverification	TOKENVERIFICATIONENTITY_CREATE	0
2	read appconfiguration	APPCONFIGURATIONENTITY_READ	0
3	create permission	PERMISSIONENTITY_CREATE	0
4	create userspermission	USERSPERMISSIONENTITY_CREATE	0
5	delete timesheet	TIMESHEETENTITY_DELETE	0
6	create role	ROLEENTITY_CREATE	0
7	update timesheet	TIMESHEETENTITY_UPDATE	0
8	create usertask	USERTASKENTITY_CREATE	0
9	delete jobDetails	JOBDETAILSENTITY_DELETE	0
10	create version	VERSION_CREATE	0
11	create timeofftype	TIMEOFFTYPEENTITY_CREATE	0
12	update users	USERSENTITY_UPDATE	0
13	send email	SENDEMAIL	0
14	delete timesheetstatus	TIMESHEETSTATUSENTITY_DELETE	0
15	update timeofftype	TIMEOFFTYPEENTITY_UPDATE	0
16	read project	PROJECTENTITY_READ	0
17	update userspreference	USERSPREFERENCEENTITY_UPDATE	0
18	read rolepermission	ROLEPERMISSIONENTITY_READ	0
19	update jwtentity	JWTENTITYENTITY_UPDATE	0
20	read usertask	USERTASKENTITY_READ	0
21	read timesheetdetails	TIMESHEETDETAILSENTITY_READ	0
22	delete jwtentity	JWTENTITYENTITY_DELETE	0
23	update rolepermission	ROLEPERMISSIONENTITY_UPDATE	0
24	read jobDetails	JOBDETAILSENTITY_READ	0
25	update file	FILEENTITY_UPDATE	0
26	read timesheet	TIMESHEETENTITY_READ	0
27	delete tokenverification	TOKENVERIFICATIONENTITY_DELETE	0
28	update task	TASKENTITY_UPDATE	0
29	create project	PROJECTENTITY_CREATE	0
30	delete userspreference	USERSPREFERENCEENTITY_DELETE	0
31	update role	ROLEENTITY_UPDATE	0
32	create task	TASKENTITY_CREATE	0
33	update timesheetstatus	TIMESHEETSTATUSENTITY_UPDATE	0
34	delete timeofftype	TIMEOFFTYPEENTITY_DELETE	0
35	create file	FILEENTITY_CREATE	0
36	create userspreference	USERSPREFERENCEENTITY_CREATE	0
37	delete rolepermission	ROLEPERMISSIONENTITY_DELETE	0
38	update triggerDetails	TRIGGERDETAILSENTITY_UPDATE	0
39	update customer	CUSTOMERENTITY_UPDATE	0
40	delete usertask	USERTASKENTITY_DELETE	0
41	delete usersrole	USERSROLEENTITY_DELETE	0
42	update timesheetdetails	TIMESHEETDETAILSENTITY_UPDATE	0
43	lock file	FILE_LOCK	0
44	update userspermission	USERSPERMISSIONENTITY_UPDATE	0
45	read users	USERSENTITY_READ	0
46	create triggerDetails	TRIGGERDETAILSENTITY_CREATE	0
47	read tokenverification	TOKENVERIFICATIONENTITY_READ	0
48	update usersrole	USERSROLEENTITY_UPDATE	0
49	entity history	ENTITYHISTORY	0
50	delete appconfiguration	APPCONFIGURATIONENTITY_DELETE	0
51	create jobDetails	JOBDETAILSENTITY_CREATE	0
52	delete permission	PERMISSIONENTITY_DELETE	0
53	read version	VERSION_READ	0
54	read userspreference	USERSPREFERENCEENTITY_READ	0
55	read timeofftype	TIMEOFFTYPEENTITY_READ	0
56	update appconfiguration	APPCONFIGURATIONENTITY_UPDATE	0
57	create jwtentity	JWTENTITYENTITY_CREATE	0
58	update tokenverification	TOKENVERIFICATIONENTITY_UPDATE	0
59	create timesheetdetails	TIMESHEETDETAILSENTITY_CREATE	0
60	delete project	PROJECTENTITY_DELETE	0
61	read jwtentity	JWTENTITYENTITY_READ	0
62	create usersrole	USERSROLEENTITY_CREATE	0
63	read customer	CUSTOMERENTITY_READ	0
64	create timesheet	TIMESHEETENTITY_CREATE	0
65	delete role	ROLEENTITY_DELETE	0
66	read file	FILEENTITY_READ	0
67	read task	TASKENTITY_READ	0
68	update usertask	USERTASKENTITY_UPDATE	0
69	read permission	PERMISSIONENTITY_READ	0
70	update permission	PERMISSIONENTITY_UPDATE	0
71	create timesheetstatus	TIMESHEETSTATUSENTITY_CREATE	0
72	delete userspermission	USERSPERMISSIONENTITY_DELETE	0
73	create rolepermission	ROLEPERMISSIONENTITY_CREATE	0
74	delete triggerDetails	TRIGGERDETAILSENTITY_DELETE	0
75	read role	ROLEENTITY_READ	0
76	delete users	USERSENTITY_DELETE	0
77	read usersrole	USERSROLEENTITY_READ	0
78	create customer	CUSTOMERENTITY_CREATE	0
79	update jobDetails	JOBDETAILSENTITY_UPDATE	0
80	delete customer	CUSTOMERENTITY_DELETE	0
81	read timesheetstatus	TIMESHEETSTATUSENTITY_READ	0
82	delete timesheetdetails	TIMESHEETDETAILSENTITY_DELETE	0
83	delete task	TASKENTITY_DELETE	0
84	read userspermission	USERSPERMISSIONENTITY_READ	0
85	create users	USERSENTITY_CREATE	0
86	delete file	FILEENTITY_DELETE	0
87	create appconfiguration	APPCONFIGURATIONENTITY_CREATE	0
88	update project	PROJECTENTITY_UPDATE	0
89	read triggerDetails	TRIGGERDETAILSENTITY_READ	0
90	unlock file	FILE_UNLOCK	0
91	delete reportdashboard	REPORTDASHBOARDENTITY_DELETE	0
92	read reportdashboard	REPORTDASHBOARDENTITY_READ	0
93	read report	REPORTENTITY_READ	0
94	create dashboard	DASHBOARDENTITY_CREATE	0
95	read dashboard	DASHBOARDENTITY_READ	0
96	create report	REPORTENTITY_CREATE	0
97	update report	REPORTENTITY_UPDATE	0
98	create reportdashboard	REPORTDASHBOARDENTITY_CREATE	0
99	update reportdashboard	REPORTDASHBOARDENTITY_UPDATE	0
100	update dashboard	DASHBOARDENTITY_UPDATE	0
101	delete report	REPORTENTITY_DELETE	0
102	delete dashboard	DASHBOARDENTITY_DELETE	0
103	showEntities	showEntities	0
104	FILL_TIMESHEET	FILL_TIMESHEET	0
105	SET_REMINDER	SET_REMINDER	0
\.


--
-- TOC entry 3360 (class 0 OID 16403)
-- Dependencies: 201
-- Data for Name: project; Type: TABLE DATA; Schema: timesheet; Owner: postgres
--

COPY timesheet.project (id, customerid, name, description, startdate, enddate, versiono) FROM stdin;
\.


--
-- TOC entry 3395 (class 0 OID 16826)
-- Dependencies: 236
-- Data for Name: qrtz_blob_triggers; Type: TABLE DATA; Schema: timesheet; Owner: postgres
--

COPY timesheet.qrtz_blob_triggers (sched_name, trigger_name, trigger_group, blob_data) FROM stdin;
\.


--
-- TOC entry 3392 (class 0 OID 16808)
-- Dependencies: 233
-- Data for Name: qrtz_calendars; Type: TABLE DATA; Schema: timesheet; Owner: postgres
--

COPY timesheet.qrtz_calendars (sched_name, calendar_name, calendar) FROM stdin;
\.


--
-- TOC entry 3391 (class 0 OID 16795)
-- Dependencies: 232
-- Data for Name: qrtz_cron_triggers; Type: TABLE DATA; Schema: timesheet; Owner: postgres
--

COPY timesheet.qrtz_cron_triggers (sched_name, trigger_name, trigger_group, cron_expression, time_zone_id) FROM stdin;
\.


--
-- TOC entry 3398 (class 0 OID 16865)
-- Dependencies: 239
-- Data for Name: qrtz_fired_triggers; Type: TABLE DATA; Schema: timesheet; Owner: postgres
--

COPY timesheet.qrtz_fired_triggers (sched_name, entry_id, trigger_name, trigger_group, instance_name, fired_time, sched_time, priority, state, job_name, job_group, is_nonconcurrent, requests_recovery) FROM stdin;
\.


--
-- TOC entry 3389 (class 0 OID 16760)
-- Dependencies: 230
-- Data for Name: qrtz_job_details; Type: TABLE DATA; Schema: timesheet; Owner: postgres
--

COPY timesheet.qrtz_job_details (sched_name, job_name, job_group, description, job_class_name, is_durable, is_nonconcurrent, is_update_data, requests_recovery, job_data) FROM stdin;
\.


--
-- TOC entry 3400 (class 0 OID 16884)
-- Dependencies: 241
-- Data for Name: qrtz_locks; Type: TABLE DATA; Schema: timesheet; Owner: postgres
--

COPY timesheet.qrtz_locks (sched_name, lock_name) FROM stdin;
\.


--
-- TOC entry 3388 (class 0 OID 16755)
-- Dependencies: 229
-- Data for Name: qrtz_paused_trigger_grps; Type: TABLE DATA; Schema: timesheet; Owner: postgres
--

COPY timesheet.qrtz_paused_trigger_grps (sched_name, trigger_group) FROM stdin;
\.


--
-- TOC entry 3399 (class 0 OID 16879)
-- Dependencies: 240
-- Data for Name: qrtz_scheduler_state; Type: TABLE DATA; Schema: timesheet; Owner: postgres
--

COPY timesheet.qrtz_scheduler_state (sched_name, instance_name, last_checkin_time, checkin_interval) FROM stdin;
\.


--
-- TOC entry 3397 (class 0 OID 16847)
-- Dependencies: 238
-- Data for Name: qrtz_simple_triggers; Type: TABLE DATA; Schema: timesheet; Owner: postgres
--

COPY timesheet.qrtz_simple_triggers (sched_name, trigger_name, trigger_group, repeat_count, repeat_interval, times_triggered) FROM stdin;
\.


--
-- TOC entry 3396 (class 0 OID 16839)
-- Dependencies: 237
-- Data for Name: qrtz_simprop_triggers; Type: TABLE DATA; Schema: timesheet; Owner: postgres
--

COPY timesheet.qrtz_simprop_triggers (sched_name, trigger_name, trigger_group, str_prop_1, str_prop_2, str_prop_3, int_prop_1, int_prop_2, long_prop_1, long_prop_2, dec_prop_1, dec_prop_2, bool_prop_1, bool_prop_2) FROM stdin;
\.


--
-- TOC entry 3390 (class 0 OID 16770)
-- Dependencies: 231
-- Data for Name: qrtz_triggers; Type: TABLE DATA; Schema: timesheet; Owner: postgres
--

COPY timesheet.qrtz_triggers (sched_name, trigger_name, trigger_group, job_name, job_group, description, next_fire_time, prev_fire_time, priority, trigger_state, trigger_type, start_time, end_time, calendar_name, misfire_instr, job_data) FROM stdin;
\.


--
-- TOC entry 3404 (class 0 OID 16903)
-- Dependencies: 245
-- Data for Name: report; Type: TABLE DATA; Schema: timesheet; Owner: postgres
--

COPY timesheet.report (id, versiono, is_published, owner_id) FROM stdin;
\.


--
-- TOC entry 3406 (class 0 OID 16931)
-- Dependencies: 247
-- Data for Name: reportversion; Type: TABLE DATA; Schema: timesheet; Owner: postgres
--

COPY timesheet.reportversion (report_id, report_version, user_id, versiono, ctype, description, is_refreshed, query, report_type, title) FROM stdin;
\.


--
-- TOC entry 3380 (class 0 OID 16548)
-- Dependencies: 221
-- Data for Name: role; Type: TABLE DATA; Schema: timesheet; Owner: postgres
--

COPY timesheet.role (id, display_name, name, versiono) FROM stdin;
1	Admin	ROLE_Admin	0
2	Manager	ROLE_Manager	0
3	Employee	ROLE_Employee	0
\.


--
-- TOC entry 3381 (class 0 OID 16555)
-- Dependencies: 222
-- Data for Name: rolepermission; Type: TABLE DATA; Schema: timesheet; Owner: postgres
--

COPY timesheet.rolepermission (permission_id, role_id, versiono) FROM stdin;
1	1	0
2	1	0
3	1	0
4	1	0
5	1	0
6	1	0
7	1	0
8	1	0
9	1	0
10	1	0
11	1	0
12	1	0
13	1	0
14	1	0
15	1	0
16	1	0
17	1	0
18	1	0
19	1	0
20	1	0
21	1	0
22	1	0
23	1	0
24	1	0
25	1	0
26	1	0
27	1	0
28	1	0
29	1	0
30	1	0
31	1	0
32	1	0
33	1	0
34	1	0
35	1	0
36	1	0
37	1	0
38	1	0
39	1	0
40	1	0
41	1	0
42	1	0
43	1	0
44	1	0
45	1	0
46	1	0
47	1	0
48	1	0
49	1	0
50	1	0
51	1	0
52	1	0
53	1	0
54	1	0
55	1	0
56	1	0
57	1	0
58	1	0
59	1	0
60	1	0
61	1	0
62	1	0
63	1	0
64	1	0
65	1	0
66	1	0
67	1	0
68	1	0
69	1	0
70	1	0
71	1	0
72	1	0
73	1	0
74	1	0
75	1	0
76	1	0
77	1	0
78	1	0
79	1	0
80	1	0
81	1	0
82	1	0
83	1	0
84	1	0
85	1	0
86	1	0
87	1	0
88	1	0
89	1	0
90	1	0
91	1	0
92	1	0
93	1	0
94	1	0
95	1	0
96	1	0
97	1	0
98	1	0
99	1	0
100	1	0
101	1	0
102	1	0
2	2	0
8	2	0
20	2	0
26	2	0
33	2	0
50	2	0
55	2	0
56	2	0
87	2	0
40	2	0
68	2	0
67	2	0
45	2	0
55	3	0
2	3	0
103	1	0
104	3	0
105	3	0
\.


--
-- TOC entry 3362 (class 0 OID 16411)
-- Dependencies: 203
-- Data for Name: task; Type: TABLE DATA; Schema: timesheet; Owner: postgres
--

COPY timesheet.task (id, projectid, name, description, isactive, versiono) FROM stdin;
\.


--
-- TOC entry 3364 (class 0 OID 16419)
-- Dependencies: 205
-- Data for Name: timeofftype; Type: TABLE DATA; Schema: timesheet; Owner: postgres
--

COPY timesheet.timeofftype (id, typename, versiono) FROM stdin;
\.


--
-- TOC entry 3366 (class 0 OID 16424)
-- Dependencies: 207
-- Data for Name: timesheet; Type: TABLE DATA; Schema: timesheet; Owner: postgres
--

COPY timesheet.timesheet (id, userid, timesheetstatusid, periodendingdate, notes, periodstartingdate, versiono) FROM stdin;
\.


--
-- TOC entry 3368 (class 0 OID 16429)
-- Dependencies: 209
-- Data for Name: timesheetdetails; Type: TABLE DATA; Schema: timesheet; Owner: postgres
--

COPY timesheet.timesheetdetails (id, taskid, timesheetid, timeofftypeid, workdate, hours, notes, versiono) FROM stdin;
\.


--
-- TOC entry 3370 (class 0 OID 16437)
-- Dependencies: 211
-- Data for Name: timesheetstatus; Type: TABLE DATA; Schema: timesheet; Owner: postgres
--

COPY timesheet.timesheetstatus (id, statusname, versiono) FROM stdin;
\.


--
-- TOC entry 3385 (class 0 OID 16613)
-- Dependencies: 226
-- Data for Name: tokenverification; Type: TABLE DATA; Schema: timesheet; Owner: postgres
--

COPY timesheet.tokenverification (users_id, token_type, expiration_time, token, versiono) FROM stdin;
\.


--
-- TOC entry 3372 (class 0 OID 16442)
-- Dependencies: 213
-- Data for Name: users; Type: TABLE DATA; Schema: timesheet; Owner: postgres
--

COPY timesheet.users (id, emailaddress, firstname, isactive, lastname, password, username, trigger_name, trigger_group, join_date, versiono) FROM stdin;
1	admin@demo.com		t		$2a$10$W1bzIA9LUG21QvDZdiwUx.vnTFk/IIFd9paofhrGNj6dxS.c2px8W	admin			\N	0
2	manager@demo.com	manager	t	manager	$2a$10$Cy7J2kRKpglCUfzCqSnWU.rf.tEODdy2mgjhpUjP4yhaQ8aHk62Se	manager	\N	\N	2021-02-03	0
3	emp1@demo.com	employee	t	one	$2a$10$hdWNzEyPVYDalpuGPIKokOd0enY8kO6MY7JGe2vaRJkRVVfnYKIgq	employee1	\N	\N	2021-02-21	0
4	emp2@demo.com	employee	t	two	$2a$10$9gREePS4YxGzWbPRsFZ1m.g9OGTpy9CvuPz16u4uNR08KcuoNl5uu	employee2	\N	\N	2021-02-24	0
5	employee3@getfastcode.com	employee3	t	employee3	$2a$10$SHQlNnmKXom.fGtmMHcbMe3Fe17pDSvfXjGpXXonVZjM63voFmRQ.	employee3	\N	\N	2021-02-24	0
\.


--
-- TOC entry 3383 (class 0 OID 16585)
-- Dependencies: 224
-- Data for Name: userspermission; Type: TABLE DATA; Schema: timesheet; Owner: postgres
--

COPY timesheet.userspermission (permission_id, users_id, revoked, versiono) FROM stdin;
\.


--
-- TOC entry 3384 (class 0 OID 16600)
-- Dependencies: 225
-- Data for Name: userspreference; Type: TABLE DATA; Schema: timesheet; Owner: postgres
--

COPY timesheet.userspreference (id, language, theme, versiono) FROM stdin;
1	en	default-theme	0
\.


--
-- TOC entry 3382 (class 0 OID 16570)
-- Dependencies: 223
-- Data for Name: usersrole; Type: TABLE DATA; Schema: timesheet; Owner: postgres
--

COPY timesheet.usersrole (role_id, users_id, versiono) FROM stdin;
1	1	0
2	2	0
3	3	0
3	4	0
3	5	0
\.


--
-- TOC entry 3374 (class 0 OID 16450)
-- Dependencies: 215
-- Data for Name: usertask; Type: TABLE DATA; Schema: timesheet; Owner: postgres
--

COPY timesheet.usertask (userid, taskid, versiono) FROM stdin;
\.


--
-- TOC entry 3435 (class 0 OID 0)
-- Dependencies: 197
-- Name: app_configuration_id_seq; Type: SEQUENCE SET; Schema: timesheet; Owner: postgres
--

SELECT pg_catalog.setval('timesheet.app_configuration_id_seq', 1, false);


--
-- TOC entry 3436 (class 0 OID 0)
-- Dependencies: 200
-- Name: customer_customerid_seq; Type: SEQUENCE SET; Schema: timesheet; Owner: postgres
--

SELECT pg_catalog.setval('timesheet.customer_customerid_seq', 1, false);


--
-- TOC entry 3437 (class 0 OID 0)
-- Dependencies: 242
-- Name: dashboard_id_seq; Type: SEQUENCE SET; Schema: timesheet; Owner: postgres
--

SELECT pg_catalog.setval('timesheet.dashboard_id_seq', 1, false);


--
-- TOC entry 3438 (class 0 OID 0)
-- Dependencies: 254
-- Name: email_attachments_id_seq; Type: SEQUENCE SET; Schema: timesheet; Owner: postgres
--

SELECT pg_catalog.setval('timesheet.email_attachments_id_seq', 1, false);


--
-- TOC entry 3439 (class 0 OID 0)
-- Dependencies: 252
-- Name: email_history_id_seq; Type: SEQUENCE SET; Schema: timesheet; Owner: postgres
--

SELECT pg_catalog.setval('timesheet.email_history_id_seq', 1, false);


--
-- TOC entry 3440 (class 0 OID 0)
-- Dependencies: 249
-- Name: file_id_seq; Type: SEQUENCE SET; Schema: timesheet; Owner: postgres
--

SELECT pg_catalog.setval('timesheet.file_id_seq', 1, false);


--
-- TOC entry 3441 (class 0 OID 0)
-- Dependencies: 234
-- Name: job_history_id_seq; Type: SEQUENCE SET; Schema: timesheet; Owner: postgres
--

SELECT pg_catalog.setval('timesheet.job_history_id_seq', 1, false);


--
-- TOC entry 3442 (class 0 OID 0)
-- Dependencies: 257
-- Name: jv_commit_pk_seq; Type: SEQUENCE SET; Schema: timesheet; Owner: postgres
--

SELECT pg_catalog.setval('timesheet.jv_commit_pk_seq', 1, true);


--
-- TOC entry 3443 (class 0 OID 0)
-- Dependencies: 260
-- Name: jv_global_id_pk_seq; Type: SEQUENCE SET; Schema: timesheet; Owner: postgres
--

SELECT pg_catalog.setval('timesheet.jv_global_id_pk_seq', 1, true);


--
-- TOC entry 3444 (class 0 OID 0)
-- Dependencies: 262
-- Name: jv_snapshot_pk_seq; Type: SEQUENCE SET; Schema: timesheet; Owner: postgres
--

SELECT pg_catalog.setval('timesheet.jv_snapshot_pk_seq', 5, true);


--
-- TOC entry 3445 (class 0 OID 0)
-- Dependencies: 227
-- Name: jwt_entity_id_seq; Type: SEQUENCE SET; Schema: timesheet; Owner: postgres
--

SELECT pg_catalog.setval('timesheet.jwt_entity_id_seq', 6, true);


--
-- TOC entry 3446 (class 0 OID 0)
-- Dependencies: 218
-- Name: permission_id_seq; Type: SEQUENCE SET; Schema: timesheet; Owner: postgres
--

SELECT pg_catalog.setval('timesheet.permission_id_seq', 105, true);


--
-- TOC entry 3447 (class 0 OID 0)
-- Dependencies: 202
-- Name: project_id_seq; Type: SEQUENCE SET; Schema: timesheet; Owner: postgres
--

SELECT pg_catalog.setval('timesheet.project_id_seq', 1, false);


--
-- TOC entry 3448 (class 0 OID 0)
-- Dependencies: 244
-- Name: report_id_seq; Type: SEQUENCE SET; Schema: timesheet; Owner: postgres
--

SELECT pg_catalog.setval('timesheet.report_id_seq', 1, false);


--
-- TOC entry 3449 (class 0 OID 0)
-- Dependencies: 220
-- Name: role_id_seq; Type: SEQUENCE SET; Schema: timesheet; Owner: postgres
--

SELECT pg_catalog.setval('timesheet.role_id_seq', 1, true);


--
-- TOC entry 3450 (class 0 OID 0)
-- Dependencies: 204
-- Name: task_id_seq; Type: SEQUENCE SET; Schema: timesheet; Owner: postgres
--

SELECT pg_catalog.setval('timesheet.task_id_seq', 1, false);


--
-- TOC entry 3451 (class 0 OID 0)
-- Dependencies: 206
-- Name: timeofftype_id_seq; Type: SEQUENCE SET; Schema: timesheet; Owner: postgres
--

SELECT pg_catalog.setval('timesheet.timeofftype_id_seq', 1, false);


--
-- TOC entry 3452 (class 0 OID 0)
-- Dependencies: 208
-- Name: timesheet_id_seq; Type: SEQUENCE SET; Schema: timesheet; Owner: postgres
--

SELECT pg_catalog.setval('timesheet.timesheet_id_seq', 1, false);


--
-- TOC entry 3453 (class 0 OID 0)
-- Dependencies: 210
-- Name: timesheetdetails_id_seq; Type: SEQUENCE SET; Schema: timesheet; Owner: postgres
--

SELECT pg_catalog.setval('timesheet.timesheetdetails_id_seq', 1, false);


--
-- TOC entry 3454 (class 0 OID 0)
-- Dependencies: 212
-- Name: timesheetstatus_id_seq; Type: SEQUENCE SET; Schema: timesheet; Owner: postgres
--

SELECT pg_catalog.setval('timesheet.timesheetstatus_id_seq', 1, false);


--
-- TOC entry 3455 (class 0 OID 0)
-- Dependencies: 214
-- Name: users_id_seq; Type: SEQUENCE SET; Schema: timesheet; Owner: postgres
--

SELECT pg_catalog.setval('timesheet.users_id_seq', 1, true);


--
-- TOC entry 3079 (class 2606 OID 16462)
-- Name: app_configuration app_configuration_pkey; Type: CONSTRAINT; Schema: timesheet; Owner: postgres
--

ALTER TABLE ONLY timesheet.app_configuration
    ADD CONSTRAINT app_configuration_pkey PRIMARY KEY (id);


--
-- TOC entry 3081 (class 2606 OID 16464)
-- Name: customer customer_pkey; Type: CONSTRAINT; Schema: timesheet; Owner: postgres
--

ALTER TABLE ONLY timesheet.customer
    ADD CONSTRAINT customer_pkey PRIMARY KEY (customerid);


--
-- TOC entry 3165 (class 2606 OID 16895)
-- Name: dashboard dashboard_pkey; Type: CONSTRAINT; Schema: timesheet; Owner: postgres
--

ALTER TABLE ONLY timesheet.dashboard
    ADD CONSTRAINT dashboard_pkey PRIMARY KEY (id);


--
-- TOC entry 3169 (class 2606 OID 16920)
-- Name: dashboardversion dashboardversion_pkey; Type: CONSTRAINT; Schema: timesheet; Owner: postgres
--

ALTER TABLE ONLY timesheet.dashboardversion
    ADD CONSTRAINT dashboardversion_pkey PRIMARY KEY (dashboard_id, dashboard_version, user_id);


--
-- TOC entry 3173 (class 2606 OID 16956)
-- Name: dashboardversionreport dashboardversionreport_pkey; Type: CONSTRAINT; Schema: timesheet; Owner: postgres
--

ALTER TABLE ONLY timesheet.dashboardversionreport
    ADD CONSTRAINT dashboardversionreport_pkey PRIMARY KEY (dashboard_id, dashboard_version, report_id, user_id);


--
-- TOC entry 3099 (class 2606 OID 16530)
-- Name: databasechangeloglock databasechangeloglock_pkey; Type: CONSTRAINT; Schema: timesheet; Owner: postgres
--

ALTER TABLE ONLY timesheet.databasechangeloglock
    ADD CONSTRAINT databasechangeloglock_pkey PRIMARY KEY (id);


--
-- TOC entry 3183 (class 2606 OID 16999)
-- Name: email_attachments email_attachments_pkey; Type: CONSTRAINT; Schema: timesheet; Owner: postgres
--

ALTER TABLE ONLY timesheet.email_attachments
    ADD CONSTRAINT email_attachments_pkey PRIMARY KEY (id);


--
-- TOC entry 3181 (class 2606 OID 16992)
-- Name: email_history email_history_pkey; Type: CONSTRAINT; Schema: timesheet; Owner: postgres
--

ALTER TABLE ONLY timesheet.email_history
    ADD CONSTRAINT email_history_pkey PRIMARY KEY (id);


--
-- TOC entry 3175 (class 2606 OID 16976)
-- Name: file file_pkey; Type: CONSTRAINT; Schema: timesheet; Owner: postgres
--

ALTER TABLE ONLY timesheet.file
    ADD CONSTRAINT file_pkey PRIMARY KEY (id);


--
-- TOC entry 3145 (class 2606 OID 16825)
-- Name: job_history job_history_pkey; Type: CONSTRAINT; Schema: timesheet; Owner: postgres
--

ALTER TABLE ONLY timesheet.job_history
    ADD CONSTRAINT job_history_pkey PRIMARY KEY (id);


--
-- TOC entry 3186 (class 2606 OID 17015)
-- Name: jv_commit jv_commit_pk; Type: CONSTRAINT; Schema: timesheet; Owner: postgres
--

ALTER TABLE ONLY timesheet.jv_commit
    ADD CONSTRAINT jv_commit_pk PRIMARY KEY (commit_pk);


--
-- TOC entry 3189 (class 2606 OID 17026)
-- Name: jv_commit_property jv_commit_property_pk; Type: CONSTRAINT; Schema: timesheet; Owner: postgres
--

ALTER TABLE ONLY timesheet.jv_commit_property
    ADD CONSTRAINT jv_commit_property_pk PRIMARY KEY (commit_fk, property_name);


--
-- TOC entry 3194 (class 2606 OID 17041)
-- Name: jv_global_id jv_global_id_pk; Type: CONSTRAINT; Schema: timesheet; Owner: postgres
--

ALTER TABLE ONLY timesheet.jv_global_id
    ADD CONSTRAINT jv_global_id_pk PRIMARY KEY (global_id_pk);


--
-- TOC entry 3198 (class 2606 OID 17058)
-- Name: jv_snapshot jv_snapshot_pk; Type: CONSTRAINT; Schema: timesheet; Owner: postgres
--

ALTER TABLE ONLY timesheet.jv_snapshot
    ADD CONSTRAINT jv_snapshot_pk PRIMARY KEY (snapshot_pk);


--
-- TOC entry 3119 (class 2606 OID 16635)
-- Name: jwt_entity jwt_entity_pkey; Type: CONSTRAINT; Schema: timesheet; Owner: postgres
--

ALTER TABLE ONLY timesheet.jwt_entity
    ADD CONSTRAINT jwt_entity_pkey PRIMARY KEY (id);


--
-- TOC entry 3177 (class 2606 OID 16981)
-- Name: locks locks_entity_pkey; Type: CONSTRAINT; Schema: timesheet; Owner: postgres
--

ALTER TABLE ONLY timesheet.locks
    ADD CONSTRAINT locks_entity_pkey PRIMARY KEY (entity_id);


--
-- TOC entry 3101 (class 2606 OID 16543)
-- Name: permission permission_pkey; Type: CONSTRAINT; Schema: timesheet; Owner: postgres
--

ALTER TABLE ONLY timesheet.permission
    ADD CONSTRAINT permission_pkey PRIMARY KEY (id);


--
-- TOC entry 3083 (class 2606 OID 16466)
-- Name: project project_pkey; Type: CONSTRAINT; Schema: timesheet; Owner: postgres
--

ALTER TABLE ONLY timesheet.project
    ADD CONSTRAINT project_pkey PRIMARY KEY (id);


--
-- TOC entry 3147 (class 2606 OID 16833)
-- Name: qrtz_blob_triggers qrtz_blob_triggers_pkey; Type: CONSTRAINT; Schema: timesheet; Owner: postgres
--

ALTER TABLE ONLY timesheet.qrtz_blob_triggers
    ADD CONSTRAINT qrtz_blob_triggers_pkey PRIMARY KEY (sched_name, trigger_name, trigger_group);


--
-- TOC entry 3143 (class 2606 OID 16815)
-- Name: qrtz_calendars qrtz_calendars_pkey; Type: CONSTRAINT; Schema: timesheet; Owner: postgres
--

ALTER TABLE ONLY timesheet.qrtz_calendars
    ADD CONSTRAINT qrtz_calendars_pkey PRIMARY KEY (sched_name, calendar_name);


--
-- TOC entry 3141 (class 2606 OID 16802)
-- Name: qrtz_cron_triggers qrtz_cron_triggers_pkey; Type: CONSTRAINT; Schema: timesheet; Owner: postgres
--

ALTER TABLE ONLY timesheet.qrtz_cron_triggers
    ADD CONSTRAINT qrtz_cron_triggers_pkey PRIMARY KEY (sched_name, trigger_name, trigger_group);


--
-- TOC entry 3159 (class 2606 OID 16872)
-- Name: qrtz_fired_triggers qrtz_fired_triggers_pkey; Type: CONSTRAINT; Schema: timesheet; Owner: postgres
--

ALTER TABLE ONLY timesheet.qrtz_fired_triggers
    ADD CONSTRAINT qrtz_fired_triggers_pkey PRIMARY KEY (sched_name, entry_id);


--
-- TOC entry 3125 (class 2606 OID 16767)
-- Name: qrtz_job_details qrtz_job_details_pkey; Type: CONSTRAINT; Schema: timesheet; Owner: postgres
--

ALTER TABLE ONLY timesheet.qrtz_job_details
    ADD CONSTRAINT qrtz_job_details_pkey PRIMARY KEY (sched_name, job_name, job_group);


--
-- TOC entry 3163 (class 2606 OID 16888)
-- Name: qrtz_locks qrtz_locks_pkey; Type: CONSTRAINT; Schema: timesheet; Owner: postgres
--

ALTER TABLE ONLY timesheet.qrtz_locks
    ADD CONSTRAINT qrtz_locks_pkey PRIMARY KEY (sched_name, lock_name);


--
-- TOC entry 3121 (class 2606 OID 16759)
-- Name: qrtz_paused_trigger_grps qrtz_paused_trigger_grps_pkey; Type: CONSTRAINT; Schema: timesheet; Owner: postgres
--

ALTER TABLE ONLY timesheet.qrtz_paused_trigger_grps
    ADD CONSTRAINT qrtz_paused_trigger_grps_pkey PRIMARY KEY (sched_name, trigger_group);


--
-- TOC entry 3161 (class 2606 OID 16883)
-- Name: qrtz_scheduler_state qrtz_scheduler_state_pkey; Type: CONSTRAINT; Schema: timesheet; Owner: postgres
--

ALTER TABLE ONLY timesheet.qrtz_scheduler_state
    ADD CONSTRAINT qrtz_scheduler_state_pkey PRIMARY KEY (sched_name, instance_name);


--
-- TOC entry 3151 (class 2606 OID 16854)
-- Name: qrtz_simple_triggers qrtz_simple_triggers_pkey; Type: CONSTRAINT; Schema: timesheet; Owner: postgres
--

ALTER TABLE ONLY timesheet.qrtz_simple_triggers
    ADD CONSTRAINT qrtz_simple_triggers_pkey PRIMARY KEY (sched_name, trigger_name, trigger_group);


--
-- TOC entry 3149 (class 2606 OID 16846)
-- Name: qrtz_simprop_triggers qrtz_simprop_triggers_pkey; Type: CONSTRAINT; Schema: timesheet; Owner: postgres
--

ALTER TABLE ONLY timesheet.qrtz_simprop_triggers
    ADD CONSTRAINT qrtz_simprop_triggers_pkey PRIMARY KEY (sched_name, trigger_name, trigger_group);


--
-- TOC entry 3139 (class 2606 OID 16777)
-- Name: qrtz_triggers qrtz_triggers_pkey; Type: CONSTRAINT; Schema: timesheet; Owner: postgres
--

ALTER TABLE ONLY timesheet.qrtz_triggers
    ADD CONSTRAINT qrtz_triggers_pkey PRIMARY KEY (sched_name, trigger_name, trigger_group);


--
-- TOC entry 3167 (class 2606 OID 16907)
-- Name: report report_pkey; Type: CONSTRAINT; Schema: timesheet; Owner: postgres
--

ALTER TABLE ONLY timesheet.report
    ADD CONSTRAINT report_pkey PRIMARY KEY (id);


--
-- TOC entry 3171 (class 2606 OID 16938)
-- Name: reportversion reportversion_pkey; Type: CONSTRAINT; Schema: timesheet; Owner: postgres
--

ALTER TABLE ONLY timesheet.reportversion
    ADD CONSTRAINT reportversion_pkey PRIMARY KEY (report_id, report_version, user_id);


--
-- TOC entry 3105 (class 2606 OID 16552)
-- Name: role role_pkey; Type: CONSTRAINT; Schema: timesheet; Owner: postgres
--

ALTER TABLE ONLY timesheet.role
    ADD CONSTRAINT role_pkey PRIMARY KEY (id);


--
-- TOC entry 3109 (class 2606 OID 16559)
-- Name: rolepermission rolepermission_pkey; Type: CONSTRAINT; Schema: timesheet; Owner: postgres
--

ALTER TABLE ONLY timesheet.rolepermission
    ADD CONSTRAINT rolepermission_pkey PRIMARY KEY (permission_id, role_id);


--
-- TOC entry 3085 (class 2606 OID 16468)
-- Name: task task_pkey; Type: CONSTRAINT; Schema: timesheet; Owner: postgres
--

ALTER TABLE ONLY timesheet.task
    ADD CONSTRAINT task_pkey PRIMARY KEY (id);


--
-- TOC entry 3087 (class 2606 OID 16470)
-- Name: timeofftype timeofftype_pkey; Type: CONSTRAINT; Schema: timesheet; Owner: postgres
--

ALTER TABLE ONLY timesheet.timeofftype
    ADD CONSTRAINT timeofftype_pkey PRIMARY KEY (id);


--
-- TOC entry 3089 (class 2606 OID 16472)
-- Name: timesheet timesheet_pkey; Type: CONSTRAINT; Schema: timesheet; Owner: postgres
--

ALTER TABLE ONLY timesheet.timesheet
    ADD CONSTRAINT timesheet_pkey PRIMARY KEY (id);


--
-- TOC entry 3091 (class 2606 OID 16474)
-- Name: timesheetdetails timesheetdetails_pkey; Type: CONSTRAINT; Schema: timesheet; Owner: postgres
--

ALTER TABLE ONLY timesheet.timesheetdetails
    ADD CONSTRAINT timesheetdetails_pkey PRIMARY KEY (id);


--
-- TOC entry 3093 (class 2606 OID 16476)
-- Name: timesheetstatus timesheetstatus_pkey; Type: CONSTRAINT; Schema: timesheet; Owner: postgres
--

ALTER TABLE ONLY timesheet.timesheetstatus
    ADD CONSTRAINT timesheetstatus_pkey PRIMARY KEY (id);


--
-- TOC entry 3117 (class 2606 OID 16620)
-- Name: tokenverification tokenverification_pkey; Type: CONSTRAINT; Schema: timesheet; Owner: postgres
--

ALTER TABLE ONLY timesheet.tokenverification
    ADD CONSTRAINT tokenverification_pkey PRIMARY KEY (users_id, token_type);


--
-- TOC entry 3103 (class 2606 OID 16545)
-- Name: permission uk_permission_name; Type: CONSTRAINT; Schema: timesheet; Owner: postgres
--

ALTER TABLE ONLY timesheet.permission
    ADD CONSTRAINT uk_permission_name UNIQUE (name);


--
-- TOC entry 3107 (class 2606 OID 16554)
-- Name: role uk_role_name; Type: CONSTRAINT; Schema: timesheet; Owner: postgres
--

ALTER TABLE ONLY timesheet.role
    ADD CONSTRAINT uk_role_name UNIQUE (name);


--
-- TOC entry 3095 (class 2606 OID 16478)
-- Name: users users_pkey; Type: CONSTRAINT; Schema: timesheet; Owner: postgres
--

ALTER TABLE ONLY timesheet.users
    ADD CONSTRAINT users_pkey PRIMARY KEY (id);


--
-- TOC entry 3113 (class 2606 OID 16589)
-- Name: userspermission userspermission_pkey; Type: CONSTRAINT; Schema: timesheet; Owner: postgres
--

ALTER TABLE ONLY timesheet.userspermission
    ADD CONSTRAINT userspermission_pkey PRIMARY KEY (permission_id, users_id);


--
-- TOC entry 3115 (class 2606 OID 16607)
-- Name: userspreference userspreference_pkey; Type: CONSTRAINT; Schema: timesheet; Owner: postgres
--

ALTER TABLE ONLY timesheet.userspreference
    ADD CONSTRAINT userspreference_pkey PRIMARY KEY (id);


--
-- TOC entry 3111 (class 2606 OID 16574)
-- Name: usersrole usersrole_pkey; Type: CONSTRAINT; Schema: timesheet; Owner: postgres
--

ALTER TABLE ONLY timesheet.usersrole
    ADD CONSTRAINT usersrole_pkey PRIMARY KEY (role_id, users_id);


--
-- TOC entry 3097 (class 2606 OID 16480)
-- Name: usertask usertask_pkey; Type: CONSTRAINT; Schema: timesheet; Owner: postgres
--

ALTER TABLE ONLY timesheet.usertask
    ADD CONSTRAINT usertask_pkey PRIMARY KEY (userid, taskid);


--
-- TOC entry 3152 (class 1259 OID 16873)
-- Name: idx_qrtz_ft_inst_job_req_rcvry; Type: INDEX; Schema: timesheet; Owner: postgres
--

CREATE INDEX idx_qrtz_ft_inst_job_req_rcvry ON timesheet.qrtz_fired_triggers USING btree (sched_name, instance_name, requests_recovery);


--
-- TOC entry 3153 (class 1259 OID 16874)
-- Name: idx_qrtz_ft_j_g; Type: INDEX; Schema: timesheet; Owner: postgres
--

CREATE INDEX idx_qrtz_ft_j_g ON timesheet.qrtz_fired_triggers USING btree (sched_name, job_name, job_group);


--
-- TOC entry 3154 (class 1259 OID 16875)
-- Name: idx_qrtz_ft_jg; Type: INDEX; Schema: timesheet; Owner: postgres
--

CREATE INDEX idx_qrtz_ft_jg ON timesheet.qrtz_fired_triggers USING btree (sched_name, job_group);


--
-- TOC entry 3155 (class 1259 OID 16876)
-- Name: idx_qrtz_ft_t_g; Type: INDEX; Schema: timesheet; Owner: postgres
--

CREATE INDEX idx_qrtz_ft_t_g ON timesheet.qrtz_fired_triggers USING btree (sched_name, trigger_name, trigger_group);


--
-- TOC entry 3156 (class 1259 OID 16877)
-- Name: idx_qrtz_ft_tg; Type: INDEX; Schema: timesheet; Owner: postgres
--

CREATE INDEX idx_qrtz_ft_tg ON timesheet.qrtz_fired_triggers USING btree (sched_name, trigger_group);


--
-- TOC entry 3157 (class 1259 OID 16878)
-- Name: idx_qrtz_ft_trig_inst_name; Type: INDEX; Schema: timesheet; Owner: postgres
--

CREATE INDEX idx_qrtz_ft_trig_inst_name ON timesheet.qrtz_fired_triggers USING btree (sched_name, instance_name);


--
-- TOC entry 3122 (class 1259 OID 16768)
-- Name: idx_qrtz_j_grp; Type: INDEX; Schema: timesheet; Owner: postgres
--

CREATE INDEX idx_qrtz_j_grp ON timesheet.qrtz_job_details USING btree (sched_name, job_group);


--
-- TOC entry 3123 (class 1259 OID 16769)
-- Name: idx_qrtz_j_req_recovery; Type: INDEX; Schema: timesheet; Owner: postgres
--

CREATE INDEX idx_qrtz_j_req_recovery ON timesheet.qrtz_job_details USING btree (sched_name, requests_recovery);


--
-- TOC entry 3126 (class 1259 OID 16783)
-- Name: idx_qrtz_t_c; Type: INDEX; Schema: timesheet; Owner: postgres
--

CREATE INDEX idx_qrtz_t_c ON timesheet.qrtz_triggers USING btree (sched_name, calendar_name);


--
-- TOC entry 3127 (class 1259 OID 16784)
-- Name: idx_qrtz_t_g; Type: INDEX; Schema: timesheet; Owner: postgres
--

CREATE INDEX idx_qrtz_t_g ON timesheet.qrtz_triggers USING btree (sched_name, trigger_group);


--
-- TOC entry 3128 (class 1259 OID 16785)
-- Name: idx_qrtz_t_j; Type: INDEX; Schema: timesheet; Owner: postgres
--

CREATE INDEX idx_qrtz_t_j ON timesheet.qrtz_triggers USING btree (sched_name, job_name, job_group);


--
-- TOC entry 3129 (class 1259 OID 16786)
-- Name: idx_qrtz_t_jg; Type: INDEX; Schema: timesheet; Owner: postgres
--

CREATE INDEX idx_qrtz_t_jg ON timesheet.qrtz_triggers USING btree (sched_name, job_group);


--
-- TOC entry 3130 (class 1259 OID 16787)
-- Name: idx_qrtz_t_n_g_state; Type: INDEX; Schema: timesheet; Owner: postgres
--

CREATE INDEX idx_qrtz_t_n_g_state ON timesheet.qrtz_triggers USING btree (sched_name, trigger_group, trigger_state);


--
-- TOC entry 3131 (class 1259 OID 16788)
-- Name: idx_qrtz_t_n_state; Type: INDEX; Schema: timesheet; Owner: postgres
--

CREATE INDEX idx_qrtz_t_n_state ON timesheet.qrtz_triggers USING btree (sched_name, trigger_name, trigger_group, trigger_state);


--
-- TOC entry 3132 (class 1259 OID 16789)
-- Name: idx_qrtz_t_next_fire_time; Type: INDEX; Schema: timesheet; Owner: postgres
--

CREATE INDEX idx_qrtz_t_next_fire_time ON timesheet.qrtz_triggers USING btree (sched_name, next_fire_time);


--
-- TOC entry 3133 (class 1259 OID 16790)
-- Name: idx_qrtz_t_nft_misfire; Type: INDEX; Schema: timesheet; Owner: postgres
--

CREATE INDEX idx_qrtz_t_nft_misfire ON timesheet.qrtz_triggers USING btree (sched_name, misfire_instr, next_fire_time);


--
-- TOC entry 3134 (class 1259 OID 16791)
-- Name: idx_qrtz_t_nft_st; Type: INDEX; Schema: timesheet; Owner: postgres
--

CREATE INDEX idx_qrtz_t_nft_st ON timesheet.qrtz_triggers USING btree (sched_name, trigger_state, next_fire_time);


--
-- TOC entry 3135 (class 1259 OID 16792)
-- Name: idx_qrtz_t_nft_st_misfire; Type: INDEX; Schema: timesheet; Owner: postgres
--

CREATE INDEX idx_qrtz_t_nft_st_misfire ON timesheet.qrtz_triggers USING btree (sched_name, misfire_instr, next_fire_time, trigger_state);


--
-- TOC entry 3136 (class 1259 OID 16793)
-- Name: idx_qrtz_t_nft_st_misfire_grp; Type: INDEX; Schema: timesheet; Owner: postgres
--

CREATE INDEX idx_qrtz_t_nft_st_misfire_grp ON timesheet.qrtz_triggers USING btree (sched_name, misfire_instr, next_fire_time, trigger_group, trigger_state);


--
-- TOC entry 3137 (class 1259 OID 16794)
-- Name: idx_qrtz_t_state; Type: INDEX; Schema: timesheet; Owner: postgres
--

CREATE INDEX idx_qrtz_t_state ON timesheet.qrtz_triggers USING btree (sched_name, trigger_state);


--
-- TOC entry 3184 (class 1259 OID 17016)
-- Name: jv_commit_commit_id_idx; Type: INDEX; Schema: timesheet; Owner: postgres
--

CREATE INDEX jv_commit_commit_id_idx ON timesheet.jv_commit USING btree (commit_id);


--
-- TOC entry 3187 (class 1259 OID 17032)
-- Name: jv_commit_property_commit_fk_idx; Type: INDEX; Schema: timesheet; Owner: postgres
--

CREATE INDEX jv_commit_property_commit_fk_idx ON timesheet.jv_commit_property USING btree (commit_fk);


--
-- TOC entry 3190 (class 1259 OID 17033)
-- Name: jv_commit_property_property_name_property_value_idx; Type: INDEX; Schema: timesheet; Owner: postgres
--

CREATE INDEX jv_commit_property_property_name_property_value_idx ON timesheet.jv_commit_property USING btree (property_name, property_value);


--
-- TOC entry 3191 (class 1259 OID 17047)
-- Name: jv_global_id_local_id_idx; Type: INDEX; Schema: timesheet; Owner: postgres
--

CREATE INDEX jv_global_id_local_id_idx ON timesheet.jv_global_id USING btree (local_id);


--
-- TOC entry 3192 (class 1259 OID 17048)
-- Name: jv_global_id_owner_id_fk_idx; Type: INDEX; Schema: timesheet; Owner: postgres
--

CREATE INDEX jv_global_id_owner_id_fk_idx ON timesheet.jv_global_id USING btree (owner_id_fk);


--
-- TOC entry 3195 (class 1259 OID 17070)
-- Name: jv_snapshot_commit_fk_idx; Type: INDEX; Schema: timesheet; Owner: postgres
--

CREATE INDEX jv_snapshot_commit_fk_idx ON timesheet.jv_snapshot USING btree (commit_fk);


--
-- TOC entry 3196 (class 1259 OID 17069)
-- Name: jv_snapshot_global_id_fk_idx; Type: INDEX; Schema: timesheet; Owner: postgres
--

CREATE INDEX jv_snapshot_global_id_fk_idx ON timesheet.jv_snapshot USING btree (global_id_fk);


--
-- TOC entry 3178 (class 1259 OID 16982)
-- Name: locks_idx; Type: INDEX; Schema: timesheet; Owner: postgres
--

CREATE UNIQUE INDEX locks_idx ON timesheet.locks USING btree (entity_id, lock_owner);


--
-- TOC entry 3179 (class 1259 OID 17073)
-- Name: locks_pk; Type: INDEX; Schema: timesheet; Owner: postgres
--

CREATE UNIQUE INDEX locks_pk ON timesheet.locks USING btree (entity_id, lock_owner);


--
-- TOC entry 3221 (class 2606 OID 16896)
-- Name: dashboard fk_dashboard_users; Type: FK CONSTRAINT; Schema: timesheet; Owner: postgres
--

ALTER TABLE ONLY timesheet.dashboard
    ADD CONSTRAINT fk_dashboard_users FOREIGN KEY (owner_id) REFERENCES timesheet.users(id);


--
-- TOC entry 3223 (class 2606 OID 16921)
-- Name: dashboardversion fk_dashboardversion_dashboard; Type: FK CONSTRAINT; Schema: timesheet; Owner: postgres
--

ALTER TABLE ONLY timesheet.dashboardversion
    ADD CONSTRAINT fk_dashboardversion_dashboard FOREIGN KEY (dashboard_id) REFERENCES timesheet.dashboard(id);


--
-- TOC entry 3224 (class 2606 OID 16926)
-- Name: dashboardversion fk_dashboardversion_user; Type: FK CONSTRAINT; Schema: timesheet; Owner: postgres
--

ALTER TABLE ONLY timesheet.dashboardversion
    ADD CONSTRAINT fk_dashboardversion_user FOREIGN KEY (user_id) REFERENCES timesheet.users(id);


--
-- TOC entry 3227 (class 2606 OID 16957)
-- Name: dashboardversionreport fk_dashboardversionreport_dashboardversion; Type: FK CONSTRAINT; Schema: timesheet; Owner: postgres
--

ALTER TABLE ONLY timesheet.dashboardversionreport
    ADD CONSTRAINT fk_dashboardversionreport_dashboardversion FOREIGN KEY (dashboard_id, dashboard_version, user_id) REFERENCES timesheet.dashboardversion(dashboard_id, dashboard_version, user_id);


--
-- TOC entry 3230 (class 2606 OID 17005)
-- Name: email_attachments fk_emailid_emailhistory; Type: FK CONSTRAINT; Schema: timesheet; Owner: postgres
--

ALTER TABLE ONLY timesheet.email_attachments
    ADD CONSTRAINT fk_emailid_emailhistory FOREIGN KEY (email_id) REFERENCES timesheet.email_history(id);


--
-- TOC entry 3229 (class 2606 OID 17000)
-- Name: email_attachments fk_fileid_file; Type: FK CONSTRAINT; Schema: timesheet; Owner: postgres
--

ALTER TABLE ONLY timesheet.email_attachments
    ADD CONSTRAINT fk_fileid_file FOREIGN KEY (file_id) REFERENCES timesheet.file(id);


--
-- TOC entry 3222 (class 2606 OID 16908)
-- Name: report fk_report_users; Type: FK CONSTRAINT; Schema: timesheet; Owner: postgres
--

ALTER TABLE ONLY timesheet.report
    ADD CONSTRAINT fk_report_users FOREIGN KEY (owner_id) REFERENCES timesheet.users(id);


--
-- TOC entry 3225 (class 2606 OID 16939)
-- Name: reportversion fk_reportversion_report; Type: FK CONSTRAINT; Schema: timesheet; Owner: postgres
--

ALTER TABLE ONLY timesheet.reportversion
    ADD CONSTRAINT fk_reportversion_report FOREIGN KEY (report_id) REFERENCES timesheet.report(id);


--
-- TOC entry 3226 (class 2606 OID 16944)
-- Name: reportversion fk_reportversion_users; Type: FK CONSTRAINT; Schema: timesheet; Owner: postgres
--

ALTER TABLE ONLY timesheet.reportversion
    ADD CONSTRAINT fk_reportversion_users FOREIGN KEY (user_id) REFERENCES timesheet.users(id);


--
-- TOC entry 3208 (class 2606 OID 16560)
-- Name: rolepermission fk_rolepermission_permission_id; Type: FK CONSTRAINT; Schema: timesheet; Owner: postgres
--

ALTER TABLE ONLY timesheet.rolepermission
    ADD CONSTRAINT fk_rolepermission_permission_id FOREIGN KEY (permission_id) REFERENCES timesheet.permission(id) ON DELETE CASCADE;


--
-- TOC entry 3209 (class 2606 OID 16565)
-- Name: rolepermission fk_rolepermission_role_id; Type: FK CONSTRAINT; Schema: timesheet; Owner: postgres
--

ALTER TABLE ONLY timesheet.rolepermission
    ADD CONSTRAINT fk_rolepermission_role_id FOREIGN KEY (role_id) REFERENCES timesheet.role(id) ON DELETE CASCADE;


--
-- TOC entry 3215 (class 2606 OID 16621)
-- Name: tokenverification fk_tokenverification_users; Type: FK CONSTRAINT; Schema: timesheet; Owner: postgres
--

ALTER TABLE ONLY timesheet.tokenverification
    ADD CONSTRAINT fk_tokenverification_users FOREIGN KEY (users_id) REFERENCES timesheet.users(id) ON DELETE CASCADE;


--
-- TOC entry 3213 (class 2606 OID 16595)
-- Name: userspermission fk_userspermission_permission_id; Type: FK CONSTRAINT; Schema: timesheet; Owner: postgres
--

ALTER TABLE ONLY timesheet.userspermission
    ADD CONSTRAINT fk_userspermission_permission_id FOREIGN KEY (permission_id) REFERENCES timesheet.permission(id) ON DELETE CASCADE;


--
-- TOC entry 3212 (class 2606 OID 16590)
-- Name: userspermission fk_userspermission_users; Type: FK CONSTRAINT; Schema: timesheet; Owner: postgres
--

ALTER TABLE ONLY timesheet.userspermission
    ADD CONSTRAINT fk_userspermission_users FOREIGN KEY (users_id) REFERENCES timesheet.users(id) ON DELETE CASCADE;


--
-- TOC entry 3211 (class 2606 OID 16580)
-- Name: usersrole fk_usersrole_role_id; Type: FK CONSTRAINT; Schema: timesheet; Owner: postgres
--

ALTER TABLE ONLY timesheet.usersrole
    ADD CONSTRAINT fk_usersrole_role_id FOREIGN KEY (role_id) REFERENCES timesheet.role(id) ON DELETE CASCADE;


--
-- TOC entry 3210 (class 2606 OID 16575)
-- Name: usersrole fk_usersrole_users; Type: FK CONSTRAINT; Schema: timesheet; Owner: postgres
--

ALTER TABLE ONLY timesheet.usersrole
    ADD CONSTRAINT fk_usersrole_users FOREIGN KEY (users_id) REFERENCES timesheet.users(id) ON DELETE CASCADE;


--
-- TOC entry 3228 (class 2606 OID 16962)
-- Name: dashboardversionreport fkdashboardversionreport_report; Type: FK CONSTRAINT; Schema: timesheet; Owner: postgres
--

ALTER TABLE ONLY timesheet.dashboardversionreport
    ADD CONSTRAINT fkdashboardversionreport_report FOREIGN KEY (report_id) REFERENCES timesheet.report(id);


--
-- TOC entry 3214 (class 2606 OID 16608)
-- Name: userspreference fkr_userspreference; Type: FK CONSTRAINT; Schema: timesheet; Owner: postgres
--

ALTER TABLE ONLY timesheet.userspreference
    ADD CONSTRAINT fkr_userspreference FOREIGN KEY (id) REFERENCES timesheet.users(id) ON DELETE CASCADE;


--
-- TOC entry 3231 (class 2606 OID 17027)
-- Name: jv_commit_property jv_commit_property_commit_fk; Type: FK CONSTRAINT; Schema: timesheet; Owner: postgres
--

ALTER TABLE ONLY timesheet.jv_commit_property
    ADD CONSTRAINT jv_commit_property_commit_fk FOREIGN KEY (commit_fk) REFERENCES timesheet.jv_commit(commit_pk);


--
-- TOC entry 3232 (class 2606 OID 17042)
-- Name: jv_global_id jv_global_id_owner_id_fk; Type: FK CONSTRAINT; Schema: timesheet; Owner: postgres
--

ALTER TABLE ONLY timesheet.jv_global_id
    ADD CONSTRAINT jv_global_id_owner_id_fk FOREIGN KEY (owner_id_fk) REFERENCES timesheet.jv_global_id(global_id_pk);


--
-- TOC entry 3234 (class 2606 OID 17064)
-- Name: jv_snapshot jv_snapshot_commit_fk; Type: FK CONSTRAINT; Schema: timesheet; Owner: postgres
--

ALTER TABLE ONLY timesheet.jv_snapshot
    ADD CONSTRAINT jv_snapshot_commit_fk FOREIGN KEY (commit_fk) REFERENCES timesheet.jv_commit(commit_pk);


--
-- TOC entry 3233 (class 2606 OID 17059)
-- Name: jv_snapshot jv_snapshot_global_id_fk; Type: FK CONSTRAINT; Schema: timesheet; Owner: postgres
--

ALTER TABLE ONLY timesheet.jv_snapshot
    ADD CONSTRAINT jv_snapshot_global_id_fk FOREIGN KEY (global_id_fk) REFERENCES timesheet.jv_global_id(global_id_pk);


--
-- TOC entry 3199 (class 2606 OID 16481)
-- Name: project project_customerid_fkey; Type: FK CONSTRAINT; Schema: timesheet; Owner: postgres
--

ALTER TABLE ONLY timesheet.project
    ADD CONSTRAINT project_customerid_fkey FOREIGN KEY (customerid) REFERENCES timesheet.customer(customerid);


--
-- TOC entry 3218 (class 2606 OID 16834)
-- Name: qrtz_blob_triggers qrtz_blob_triggers_sched_name_fkey; Type: FK CONSTRAINT; Schema: timesheet; Owner: postgres
--

ALTER TABLE ONLY timesheet.qrtz_blob_triggers
    ADD CONSTRAINT qrtz_blob_triggers_sched_name_fkey FOREIGN KEY (sched_name, trigger_name, trigger_group) REFERENCES timesheet.qrtz_triggers(sched_name, trigger_name, trigger_group);


--
-- TOC entry 3217 (class 2606 OID 16803)
-- Name: qrtz_cron_triggers qrtz_cron_triggers_sched_name_fkey; Type: FK CONSTRAINT; Schema: timesheet; Owner: postgres
--

ALTER TABLE ONLY timesheet.qrtz_cron_triggers
    ADD CONSTRAINT qrtz_cron_triggers_sched_name_fkey FOREIGN KEY (sched_name, trigger_name, trigger_group) REFERENCES timesheet.qrtz_triggers(sched_name, trigger_name, trigger_group);


--
-- TOC entry 3220 (class 2606 OID 16860)
-- Name: qrtz_simple_triggers qrtz_simple_triggers_sched_name_fkey; Type: FK CONSTRAINT; Schema: timesheet; Owner: postgres
--

ALTER TABLE ONLY timesheet.qrtz_simple_triggers
    ADD CONSTRAINT qrtz_simple_triggers_sched_name_fkey FOREIGN KEY (sched_name, trigger_name, trigger_group) REFERENCES timesheet.qrtz_triggers(sched_name, trigger_name, trigger_group);


--
-- TOC entry 3219 (class 2606 OID 16855)
-- Name: qrtz_simprop_triggers qrtz_simprop_triggers_sched_name_fkey; Type: FK CONSTRAINT; Schema: timesheet; Owner: postgres
--

ALTER TABLE ONLY timesheet.qrtz_simprop_triggers
    ADD CONSTRAINT qrtz_simprop_triggers_sched_name_fkey FOREIGN KEY (sched_name, trigger_name, trigger_group) REFERENCES timesheet.qrtz_triggers(sched_name, trigger_name, trigger_group);


--
-- TOC entry 3216 (class 2606 OID 16778)
-- Name: qrtz_triggers qrtz_triggers_sched_name_fkey; Type: FK CONSTRAINT; Schema: timesheet; Owner: postgres
--

ALTER TABLE ONLY timesheet.qrtz_triggers
    ADD CONSTRAINT qrtz_triggers_sched_name_fkey FOREIGN KEY (sched_name, job_name, job_group) REFERENCES timesheet.qrtz_job_details(sched_name, job_name, job_group);


--
-- TOC entry 3200 (class 2606 OID 16486)
-- Name: task task_projectid_fkey; Type: FK CONSTRAINT; Schema: timesheet; Owner: postgres
--

ALTER TABLE ONLY timesheet.task
    ADD CONSTRAINT task_projectid_fkey FOREIGN KEY (projectid) REFERENCES timesheet.project(id);


--
-- TOC entry 3201 (class 2606 OID 16491)
-- Name: timesheet timesheet_timesheetstatus_fkey; Type: FK CONSTRAINT; Schema: timesheet; Owner: postgres
--

ALTER TABLE ONLY timesheet.timesheet
    ADD CONSTRAINT timesheet_timesheetstatus_fkey FOREIGN KEY (timesheetstatusid) REFERENCES timesheet.timesheetstatus(id);


--
-- TOC entry 3202 (class 2606 OID 16496)
-- Name: timesheet timesheet_userid_fkey; Type: FK CONSTRAINT; Schema: timesheet; Owner: postgres
--

ALTER TABLE ONLY timesheet.timesheet
    ADD CONSTRAINT timesheet_userid_fkey FOREIGN KEY (userid) REFERENCES timesheet.users(id);


--
-- TOC entry 3203 (class 2606 OID 16501)
-- Name: timesheetdetails timesheetdetails_taskid_fkey; Type: FK CONSTRAINT; Schema: timesheet; Owner: postgres
--

ALTER TABLE ONLY timesheet.timesheetdetails
    ADD CONSTRAINT timesheetdetails_taskid_fkey FOREIGN KEY (taskid) REFERENCES timesheet.task(id);


--
-- TOC entry 3204 (class 2606 OID 16506)
-- Name: timesheetdetails timesheetdetails_timeofftypeid_fkey; Type: FK CONSTRAINT; Schema: timesheet; Owner: postgres
--

ALTER TABLE ONLY timesheet.timesheetdetails
    ADD CONSTRAINT timesheetdetails_timeofftypeid_fkey FOREIGN KEY (timeofftypeid) REFERENCES timesheet.timeofftype(id);


--
-- TOC entry 3205 (class 2606 OID 16511)
-- Name: timesheetdetails timesheetdetails_timesheetid_fkey; Type: FK CONSTRAINT; Schema: timesheet; Owner: postgres
--

ALTER TABLE ONLY timesheet.timesheetdetails
    ADD CONSTRAINT timesheetdetails_timesheetid_fkey FOREIGN KEY (timesheetid) REFERENCES timesheet.timesheet(id);


--
-- TOC entry 3206 (class 2606 OID 16516)
-- Name: usertask usertask_taskid_fkey; Type: FK CONSTRAINT; Schema: timesheet; Owner: postgres
--

ALTER TABLE ONLY timesheet.usertask
    ADD CONSTRAINT usertask_taskid_fkey FOREIGN KEY (taskid) REFERENCES timesheet.task(id);


--
-- TOC entry 3207 (class 2606 OID 16521)
-- Name: usertask usertask_userid_fkey; Type: FK CONSTRAINT; Schema: timesheet; Owner: postgres
--

ALTER TABLE ONLY timesheet.usertask
    ADD CONSTRAINT usertask_userid_fkey FOREIGN KEY (userid) REFERENCES timesheet.users(id);


-- Completed on 2021-03-22 09:40:40

--
-- PostgreSQL database dump complete
--

